SBAN;SEDE;MUNICIPIO;REGIONAL;DPTO;Direccion;HORARIO;ATENCION;;;;;;;;
250;BOGOTA - PALOQUEMAO;Bogotá, D.C.;BOGOTA;Bogotá D.C;Avenida Calle 19 N° 25 - 04;LUNES A VIERNES;8:00 A.M. A 3:00 P.M.;;;;;;;;
590;BOGOTA - BARRIO RESTREPO;Bogotá, D.C.;BOGOTA;Bogotá D.C;Cra.18 No.15-31/37/ 38 sur;LUNES A VIERNES;9:00 A.M. A 4:00 P.M.;;;;;;;;
260;BOGOTA - CORABASTOS;Bogotá, D.C.;BOGOTA;Bogotá D.C;Cra. 86 No. 24 A 19 Sur Local D;LUNES A VIERNES Y SABADO;DE LUNES A VIERNES DE 7:00 A.M. A 3:30 PM Y SABADO 8:00 A.M. A 1 P.M.;;;;;;;;
1359;ENVIGADO;Envigado;ANTIOQUIA;Antioquia;Calle 38 Sur No. 42-03;LUNES A VIERNES;08:00 AM - 11:30 AM Y DE 02:00 PM - 04:30 PM;;;;;;;;
6011;GIRON;Girón;SANTANDERES;Santander;Calle 30 # 25-13;LUNES A VIERNES;08:00 AM - 11:30 AM Y DE 02:00 PM - 04:30 PM;;;;;;;;
3916;CENTRAL DE ABASTOS NEIVA;Neiva;SUR;Huila;CALLE 38 SUR No. 3-50 BODG. F101 Y F118 BLOQUE F;MARTES A SABADO;8:00 AM A 2:00 P.M.;;;;;;;;
1351;BELLO;Bello;ANTIOQUIA;Antioquia;"
CALLE 30 # 25 - 13";LUNES A VIERNES;08:00 AM - 11:30 AM Y DE 02:00 PM - 04:30 PM;;;;;;;;
4503;ACACIAS;Acacías;BOGOTA;Meta;Carrera 17 No. 12 - 51;LUNES A VIERNES;08:00 AM - 11:30 AM Y DE 02:00 PM - 04:30 PM;;;;;;;;
6315;CENTRAL DE ABASTOS SINCELEJO;Sincelejo;COSTA;Sucre;Calle 38 N°19-232 Local C11 Sector Ma-B1;LUNES A VIERNES;7.00 A.M. A 2:00 PM;;;;;;;;
6015;FLORIDABLANCA;Floridablanca;SANTANDERES;Santander;CRA. 8 N° 5-02;LUNES A VIERNES;08:00 AM - 11:30 AM Y DE 02:00 PM - 04:30 PM;;;;;;;;
360;calle cien;Bogotá, D.C.;BOGOTA;Bogotá D.C;Calle 100 No.17 A - 11 edif. Tundanza;LUNES A VIERNES;9:00 A.M. A 4:00 P.M.;;;;;;;;
6012;CENTRAL DE ABASTOS BUCARAMANGA;Bucaramanga;SANTANDERES;Santander;VIA PALENQUE CAFÉ MADRID # 44-96 CENTRAL DE ABASTOS BUCARAMANGA LOCAL 1A BODEGA 13;MARTES A SABADO;8:00 AM A 2:00 P.M.;;;;;;;;
1324;DON MATIAS;Donmatías;ANTIOQUIA;Antioquia;Carrera 30 No. 31 - 29;LUNES A VIERNES;08:00 AM - 11:30 AM Y DE 02:00 PM - 04:30 PM;;;;;;;;
2715;CERETE;Cereté;ANTIOQUIA;Córdoba;Calle 13 A No.9-65;LUNES A VIERNES;08:00 AM - 11:30 AM Y DE 02:00 PM - 04:30 PM;;;;;;;;
4525;RESTREPO;Restrepo;BOGOTA;Meta;Carrera 5 No.9 - 61;LUNES A VIERNES;08:00 AM - 11:30 AM Y DE 02:00 PM - 04:30 PM;;;;;;;;
5410;CALARCA;Calarca;CAFETERA;Quindio;CRA 24 No 39 -36;LUNES A VIERNES;08:00 AM - 11:30 AM Y DE 02:00 PM - 04:30 PM;;;;;;;;
6014;CHARALÁ;Charalá;SANTANDERES;Santander;Calle 24 No. 14 - 02;LUNES A VIERNES;08:00 AM - 11:30 AM Y DE 02:00 PM - 04:30 PM;;;;;;;;
6048;ZAPATOCA;Zapatoca;SANTANDERES;Santander;CALLE 21 N° 9-20/26/38;LUNES A VIERNES;08:00 AM - 11:30 AM Y DE 02:00 PM - 04:30 PM;;;;;;;;
6065;MOGOTES;Mogotes;SANTANDERES;Santander;Calle 5 N° 7-61;LUNES A VIERNES;08:00 AM - 11:30 AM Y DE 02:00 PM - 04:30 PM;;;;;;;;
6077;SURATA;Suratá;SANTANDERES;Santander;Carrera 4 No.3- 49;LUNES A VIERNES;08:00 AM - 11:30 AM Y DE 02:00 PM - 04:30 PM;;;;;;;;
1379;GUARNE;Guarne;ANTIOQUIA;Antioquia;Calle 50 No. 50-13/15;MARTES A SABADO;8:00 AM A 2:00 P.M.;;;;;;;;
1387;SAN PEDRO;San Pedro De Los Milagros;ANTIOQUIA;Antioquia;Calle 50 No.50-08 piso 2 Local 201;LUNES A VIERNES;08:00 AM - 11:30 AM Y DE 02:00 PM - 04:30 PM;;;;;;;;
2772;SAN PELAYO;San Pelayo;ANTIOQUIA;Córdoba;Carrera 7 No. 5 - 20 Barrio Boca Grande;LUNES A VIERNES;08:00 AM - 11:30 AM Y DE 02:00 PM - 04:30 PM;;;;;;;;
4507;CUMARAL;Cumaral;BOGOTA;Meta;Cra.21 No.11-04;LUNES A VIERNES;08:00 AM - 11:30 AM Y DE 02:00 PM - 04:30 PM;;;;;;;;
6013;LEBRIJA;Lebrija;SANTANDERES;Santander;Carrera 7 No. 11 - 47;LUNES A VIERNES;08:00 AM - 11:30 AM Y DE 02:00 PM - 04:30 PM;;;;;;;;
6027;BETULIA;Betulia;SANTANDERES;Santander;Calle 6 N° 5-15;LUNES A VIERNES;08:00 AM - 11:30 AM Y DE 02:00 PM - 04:30 PM;;;;;;;;
6043;COROMORO;Coromoro;SANTANDERES;Santander;CRA. 6 N° 4-07;LUNES A VIERNES;08:00 AM - 11:30 AM Y DE 02:00 PM - 04:30 PM;;;;;;;;
6064;MATANZA;Matanza;SANTANDERES;Santander;CRA. 4 N° 5-48/50;LUNES A VIERNES;08:00 AM - 11:30 AM Y DE 02:00 PM - 04:30 PM;;;;;;;;
6067;ONZAGA;Onzaga;SANTANDERES;Santander;Carrera 3 N° 3 - 10;LUNES A VIERNES;08:00 AM - 11:30 AM Y DE 02:00 PM - 04:30 PM;;;;;;;;
1448;EL PEÑOL;Peñol;ANTIOQUIA;Antioquia;Carrera 17D#02-16;MARTES A SABADO;8:00 AM A 2:00 P.M.;;;;;;;;
1355;COPACABANA;Copacabana;ANTIOQUIA;Antioquia;Carrera 51 No. 49-31;LUNES A VIERNES;08:00 AM - 11:30 AM Y DE 02:00 PM - 04:30 PM;;;;;;;;
2730;SAN CARLOS;San Carlos;ANTIOQUIA;Córdoba;Calle 9 -26 Barrio Centro - Calle Principal;LUNES A VIERNES;08:00 AM - 11:30 AM Y DE 02:00 PM - 04:30 PM;;;;;;;;
4515;GUAMAL;Guamal;BOGOTA;Meta;Calle 12 No.4-06/10;LUNES A VIERNES;08:00 AM - 11:30 AM Y DE 02:00 PM - 04:30 PM;;;;;;;;
1383;MARINILLA;Marinilla;ANTIOQUIA;Antioquia;Cra.30 No.30-48 parque Principal;LUNES A VIERNES;8:00 A.M. A 3:00 P.M.;;;;;;;;
910;FUNZA;Funza;BOGOTA;Cundinamarca;Calle 13 No. 15A-31;LUNES A VIERNES;8:00 A.M. A 3:00 P.M.;;;;;;;;
920;CHIA;Chía;BOGOTA;Cundinamarca;Carrera 10 No.8-13;LUNES A VIERNES;8:00 A.M. A 3:00 P.M.;;;;;;;;
3165;SIMIJACA;Simijaca;BOGOTA;Cundinamarca;Calle 8 No. 7-25;LUNES A VIERNES;8:00 A.M. A 3:00 P.M.;;;;;;;;
4509;CASTILLA LA NUEVA;Castilla La Nueva;BOGOTA;Meta;Carrera 8 No. 5 – 41/43 Centro;LUNES A VIERNES;08:00 AM - 11:30 AM Y DE 02:00 PM - 04:30 PM;;;;;;;;
2410;VALLEDUPAR - CDV;Valledupar;COSTA;Cesar;Diagonal 18 N° 29 - 63;LUNES A VIERNES;08:00 AM - 11:30 AM Y DE 02:00 PM - 04:30 PM;;;;;;;;
1563;RAMIRIQUI;Ramiriquí;ORIENTE;Boyacá;Calle 7 No 6-07;LUNES A VIERNES;08:00 AM - 11:30 AM Y DE 02:00 PM - 04:30 PM;;;;;;;;
6063;LOS SANTOS;Los Santos;SANTANDERES;Santander;CRA. 6 N° 2-03/05;LUNES A VIERNES;08:00 AM - 11:30 AM Y DE 02:00 PM - 04:30 PM;;;;;;;;
1487;ENTRERIOS;ENTRERRIOS;ANTIOQUIA;Antioquia;Carrera 11 No. 10-68;MARTES A SABADO;8:00 AM A 2:00 P.M.;;;;;;;;
2719;CIENAGA DE ORO;Ciénaga De Oro;ANTIOQUIA;Córdoba;CALLE 7# 15  44;LUNES A VIERNES;08:00 AM - 11:30 AM Y DE 02:00 PM - 04:30 PM;;;;;;;;
4505;CUBARRAL;San Luis De Cubarral;BOGOTA;Meta;Calle 9 No.8-33;LUNES A VIERNES;08:00 AM - 11:30 AM Y DE 02:00 PM - 04:30 PM;;;;;;;;
1524;EL COCUY;El Cocuy;ORIENTE;Boyacá;CALLE 8 N 3-64-90 LOCAL 1 ;LUNES A VIERNES;08:00 AM - 11:30 AM Y DE 02:00 PM - 04:30 PM;;;;;;;;
1568;SAMACA;Samacá;ORIENTE;Boyacá;CARRERA 6 No. 4 - 65;MARTES A VIERNES Y SÁBADO;DE MARTES A VIERNES DE 8:00 AM A 11:30 AM Y DE 2:00 P.M. A 4:30 P.M. SABADO DE 8:00 AM A 2:00 P.M.;;;;;;;;
1590;TUTA;Tuta;ORIENTE;Boyacá;CALLE 6 # 6-23;LUNES A VIERNES;08:00 AM - 11:30 AM Y DE 02:00 PM - 04:30 PM;;;;;;;;
6038;PUERTO WILCHES;Puerto Wilches;SANTANDERES;Santander;CALLE 3 # 2-100;LUNES A VIERNES;08:00 AM - 11:30 AM Y DE 02:00 PM - 04:30 PM;;;;;;;;
1389;SANTAFE DE ANTIOQUIA;Santafé De Antioquia;ANTIOQUIA;Antioquia;CALLE 9 #10-53;MARTES A SABADO;8:00 AM A 2:00 P.M.;;;;;;;;
900;FACATATIVA;Facatativá;BOGOTA;Cundinamarca;Carrera 3 No. 5-40;LUNES A VIERNES;8:00 A.M. A 3:00 P.M.;;;;;;;;
960;SOPO;Sopó;BOGOTA;Cundinamarca;Calle 2 No. 2-05/09 Parque Principal;LUNES A VIERNES;8:00 A.M. A 3:00 P.M.;;;;;;;;
3148;MEDINA;Medina;BOGOTA;Cundinamarca;Calle 13 No.6-61;LUNES A VIERNES;08:00 AM - 11:30 AM Y DE 02:00 PM - 04:30 PM;;;;;;;;
3168;SUSA;Susa;BOGOTA;Cundinamarca;Calle 6 N 3- 105;LUNES A VIERNES;8:00 A.M. A 3:00 P.M.;;;;;;;;
2420;MANAURE;Manaure;COSTA;Cesar;Calle 2 No.7 A - 43;LUNES A VIERNES;08:00 AM - 11:30 AM Y DE 02:00 PM - 04:30 PM;;;;;;;;
1530;CHIQUINQUIRA;Chiquinquirá;ORIENTE;Boyacá;Carrera 10 No 14-27;LUNES A VIERNES;08:00 AM - 11:30 AM Y DE 02:00 PM - 04:30 PM;;;;;;;;
1535;JENESANO;Jenesano;ORIENTE;Boyacá;Carrera 2 No. 8 -26;LUNES A VIERNES;08:00 AM - 11:30 AM Y DE 02:00 PM - 04:30 PM;;;;;;;;
8601;AGUAZUL;Aguazul;ORIENTE;Casanare;Carrera 18 No 9-31;LUNES A VIERNES;08:00 AM - 11:30 AM Y DE 02:00 PM - 04:30 PM;;;;;;;;
1265;SIMITI;Simití;SANTANDERES;Bolívar;Carrera 25 No. 28-03;LUNES A VIERNES;08:00 AM - 11:30 AM Y DE 02:00 PM - 04:30 PM;;;;;;;;
6017;PIEDECUESTA;Piedecuesta;SANTANDERES;Santander;Calle 6 No. 5-98/86;LUNES A VIERNES;08:00 AM - 11:30 AM Y DE 02:00 PM - 04:30 PM;;;;;;;;
6633;COYAIMA;Coyaima;SUR;Tolima;Cra.3 No.2-36 Barrio Centro;MARTES A VIERNES Y SÁBADO;DE MARTES A VIERNES DE 8:00 AM A 11:30 AM Y DE 2:00 P.M. A 4:30 P.M. SABADO DE 8:00 AM A 2:00 P.M.;;;;;;;;
1397;SOPETRAN;Sopetrán;ANTIOQUIA;Antioquia;Calle 10 A No. 8-04/06;MARTES A SABADO;8:00 AM A 2:00 P.M.;;;;;;;;
1546;VILLA DE LEYVA;Villa De Leyva;ORIENTE;Boyacá;CALLE 12 # 9-45;MARTES A VIERNES Y SÁBADO;DE MARTES A VIERNES DE 8:00 AM A 11:30 AM Y DE 2:00 P.M. A 4:30 P.M. SABADO DE 8:00 AM A 2:00 P.M.;;;;;;;;
1587;TOCA;Toca;ORIENTE;Boyacá;CALLE 4 No. 7 - 39;MARTES A VIERNES Y SÁBADO;DE MARTES A VIERNES DE 8:00 AM A 11:30 AM Y DE 2:00 P.M. A 4:30 P.M. SABADO DE 8:00 AM A 2:00 P.M.;;;;;;;;
970;ZIPAQUIRA;Zipaquirá;BOGOTA;Cundinamarca;Carrera 8 No.6- 29/35/41/47/51 locales 4 y 5;LUNES A VIERNES;8:00 A.M. A 3:00 P.M.;;;;;;;;
3138;GUAYABAL DE SIQUIMA;Guayabal De Siquima;BOGOTA;Cundinamarca;Calle 3 No. 4 -03 Alcaldía Municipal;LUNES A VIERNES;08:00 AM - 11:30 AM Y DE 02:00 PM - 04:30 PM;;;;;;;;
3160;SUESCA;Suesca;BOGOTA;Cundinamarca;Carrera 5 No. 8 - 16 Centro - Frente al Parque Principal;LUNES A VIERNES;8:00 A.M. A 3:00 P.M.;;;;;;;;
4535;SAN MARTIN;San Martín;BOGOTA;Meta;Calle 13 #6-61 ;LUNES A VIERNES;08:00 AM - 11:30 AM Y DE 02:00 PM - 04:30 PM;;;;;;;;
1204;SOLEDAD;Soledad;COSTA;Atlántico;Calle 15 # 20-04;LUNES A VIERNES;08:00 AM - 11:30 AM Y DE 02:00 PM - 04:30 PM;;;;;;;;
2412;LA PAZ ROBLES;La Paz;COSTA;Cesar;Trasnsversal 5 No. 5-11;LUNES A VIERNES;08:00 AM - 11:30 AM Y DE 02:00 PM - 04:30 PM;;;;;;;;
1540;GUICAN;Güicán;ORIENTE;Boyacá;Cra.3 No. 4 - 25;LUNES A VIERNES;08:00 AM - 11:30 AM Y DE 02:00 PM - 04:30 PM;;;;;;;;
1585;TIBANA;Tibaná;ORIENTE;Boyacá;CALLE 5 # 6-45;LUNES A VIERNES;08:00 AM - 11:30 AM Y DE 02:00 PM - 04:30 PM;;;;;;;;
5105;PUERTO SANTANDER;Puerto Santander;SANTANDERES;Norte de Santander;Carrera 3 N° 4 -70;LUNES A VIERNES;08:00 AM - 11:30 AM Y DE 02:00 PM - 04:30 PM;;;;;;;;
6010;ARATOCA;Aratoca;SANTANDERES;Santander;CRA. 4 N° 4-56;LUNES A VIERNES;08:00 AM - 11:30 AM Y DE 02:00 PM - 04:30 PM;;;;;;;;
3118;CHOCONTA;Chocontá;BOGOTA;Cundinamarca;Carrera 5 No. 4 - 43;LUNES A VIERNES;8:00 A.M. A 3:00 P.M.;;;;;;;;
3155;QUIPILE;Quipile;BOGOTA;Cundinamarca;Carrera 2 No. 3-67 Parque Principal;LUNES A VIERNES;8:00 A.M. A 3:00 P.M.;;;;;;;;
3195;PACHO;Pacho;BOGOTA;Cundinamarca;CALLE 8 No. 14-41;LUNES A VIERNES;08:00 AM - 11:30 AM Y DE 02:00 PM - 04:30 PM;;;;;;;;
4517;GRANADA;Granada;BOGOTA;Meta;Calle 16 No. 12 - 09 Barrio Centro;LUNES A VIERNES;08:00 AM - 11:30 AM Y DE 02:00 PM - 04:30 PM;;;;;;;;
7305;ARAUQUITA;Arauquita;BOGOTA;Arauca;CALLE 3 No. 4-48;LUNES A VIERNES;08:00 AM - 11:30 AM Y DE 02:00 PM - 04:30 PM;;;;;;;;
1205;ZONA BANANERA;Zona Bananera;COSTA;Magdalena;CORREGIMIENTO DE PRADO SEVILLA, CASA 9 ALCALDIA MUNICIPAL ZONA BANANERA;LUNES A VIERNES;08:00 AM - 11:30 AM Y DE 02:00 PM - 04:30 PM;;;;;;;;
1652;PUERTO COLOMBIA;Puerto Colombia;COSTA;Atlántico;Carrera 5 No. 2 - 03;LUNES A VIERNES;08:00 AM - 11:30 AM Y DE 02:00 PM - 04:30 PM;;;;;;;;
2440;SAN DIEGO;San Diego;COSTA;Cesar;CALLE 3 Nº. 9-35;LUNES A VIERNES;08:00 AM - 11:30 AM Y DE 02:00 PM - 04:30 PM;;;;;;;;
3660;URUMITA;Urumita;COSTA;La Guajira;Carrera 9 N° 9 -04;LUNES A VIERNES;08:00 AM - 11:30 AM Y DE 02:00 PM - 04:30 PM;;;;;;;;
1504;BELEN;Belén;ORIENTE;Boyacá;Cra.5 No.6-11;MARTES A VIERNES Y SÁBADO;DE MARTES A VIERNES DE 8:00 AM A 11:30 AM Y DE 2:00 P.M. A 4:30 P.M. SABADO DE 8:00 AM A 2:00 P.M.;;;;;;;;
1526;EL ESPINO;El Espino;ORIENTE;Boyacá;Calle 6 No. 4 -08;MARTES A VIERNES Y SÁBADO;DE MARTES A VIERNES DE 8:00 AM A 11:30 AM Y DE 2:00 P.M. A 4:30 P.M. SABADO DE 8:00 AM A 2:00 P.M.;;;;;;;;
1580;SOTAQUIRA;Sotaquirá;ORIENTE;Boyacá;CALLE 6 No. 6 - 04;MARTES A VIERNES Y SÁBADO;DE MARTES A VIERNES DE 8:00 AM A 11:30 AM Y DE 2:00 P.M. A 4:30 P.M. SABADO DE 8:00 AM A 2:00 P.M.;;;;;;;;
1592;UMBITA;Umbita;ORIENTE;Boyacá;Calle 5 No. 15-43 Peatonal;LUNES A VIERNES;08:00 AM - 11:30 AM Y DE 02:00 PM - 04:30 PM;;;;;;;;
6029;BOLIVAR;Bolívar;ORIENTE;Santander;CRA. 3 N° 9-64;LUNES A VIERNES;08:00 AM - 11:30 AM Y DE 02:00 PM - 04:30 PM;;;;;;;;
8663;TAURAMENA;Tauramena;ORIENTE;Casanare;CARRERA 14 No. 5-34 Carrera 9a No. 1A-39;LUNES A VIERNES;08:00 AM - 11:30 AM Y DE 02:00 PM - 04:30 PM;;;;;;;;
6030;CURITI;Curití;SANTANDERES;Santander;CRA. 8 N° 8-58;LUNES A VIERNES;08:00 AM - 11:30 AM Y DE 02:00 PM - 04:30 PM;;;;;;;;
6053;GUACA;Guaca;SANTANDERES;Santander;Calle 4 No 4- 02 /08;MARTES A VIERNES Y SÁBADO;DE MARTES A VIERNES DE 8:00 AM A 11:30 AM Y DE 2:00 P.M. A 4:30 P.M. SABADO DE 8:00 AM A 2:00 P.M.;;;;;;;;
940;TENJO;Tenjo;BOGOTA;Cundinamarca;CARRERA 4 No. 3 – 40;LUNES A VIERNES;8:00 A.M. A 3:00 P.M.;;;;;;;;
3107;ANOLAIMA;Anolaima;BOGOTA;Cundinamarca;Carrera 4 No. 4-02;LUNES A VIERNES;7.00 A.M. A 2:00 PM;;;;;;;;
4512;EL CASTILLO;El Castillo;BOGOTA;Meta;Calle 10 No.8-33 Centro;LUNES A VIERNES;08:00 AM - 11:30 AM Y DE 02:00 PM - 04:30 PM;;;;;;;;
1648;JUAN DE ACOSTA;Juan De Acosta;COSTA;Atlántico;Calle 7 Nº. 4-106;LUNES A VIERNES;08:00 AM - 11:30 AM Y DE 02:00 PM - 04:30 PM;;;;;;;;
2408;CODAZZI;Agustín Codazzi;COSTA;Cesar;Carrera 16 No. 11-05;LUNES A VIERNES;08:00 AM - 11:30 AM Y DE 02:00 PM - 04:30 PM;;;;;;;;
3655;VILLANUEVA;VILLANUEVA;COSTA;"Jose Samir Grisales Holguin <jose.grisales@bancoagrario.gov.co>; ""Leidis Karina Montero Pitre"" <leidis.montero@bancoagrario.gov.co>; ""Johandrys Arias Saenz"" <johandrys.arias@bancoagrario.gov.co>; ""Augusto Jose Cuadrado Cardenas"" <augusto.cuadrado@bancoagrario.gov.co>";Carrera 8a No 12A 83– Parque Principal Villanueva;LUNES A VIERNES;08:00 AM - 11:30 AM Y DE 02:00 PM - 04:30 PM;;;;;;;;
4209;CIENAGA;Ciénaga;COSTA;Magdalena;CALLE 12 No. 11 - 52 Barrio Centro;LUNES A VIERNES;08:00 AM - 11:30 AM Y DE 02:00 PM - 04:30 PM;;;;;;;;
1505;PAZ DE RIO;Paz de Río;ORIENTE;Boyacá;Carrera 3 N° 9 – 32/38 Avenida Santander;MARTES A VIERNES Y SÁBADO;DE MARTES A VIERNES DE 8:00 AM A 11:30 AM Y DE 2:00 P.M. A 4:30 P.M. SABADO DE 8:00 AM A 2:00 P.M.;;;;;;;;
1511;PAIPA;Paipa;ORIENTE;Boyacá;Calle 25 No. 19-122/128;LUNES A VIERNES;08:00 AM - 11:30 AM Y DE 02:00 PM - 04:30 PM;;;;;;;;
1514;CHISCAS;Chiscas;ORIENTE;Boyacá;Calle 4 No 3-64 Centro;LUNES A VIERNES;08:00 AM - 11:30 AM Y DE 02:00 PM - 04:30 PM;;;;;;;;
3180;VILLAPINZON;Villapinzón;ORIENTE;Cundinamarca;Calle 4 No.4-16;LUNES A VIERNES;08:00 AM - 11:30 AM Y DE 02:00 PM - 04:30 PM;;;;;;;;
8615;MANI;Maní;ORIENTE;Casanare;Calle 17 N° 4 -04;LUNES A VIERNES;08:00 AM - 11:30 AM Y DE 02:00 PM - 04:30 PM;;;;;;;;
8620;MONTERREY;Monterrey;ORIENTE;Casanare;CARRERA 7 No. 15-48 15-69;LUNES A VIERNES;08:00 AM - 11:30 AM Y DE 02:00 PM - 04:30 PM;;;;;;;;
5110;EL ZULIA;El Zulia;SANTANDERES;Norte de Santander;AVENIDA 2 No. 7 - 10 Centro;LUNES A VIERNES;08:00 AM - 11:30 AM Y DE 02:00 PM - 04:30 PM;;;;;;;;
6025;BARICHARA;Barichara;SANTANDERES;Santander;CALLE 5 N° 6 - 35;LUNES A VIERNES;08:00 AM - 11:30 AM Y DE 02:00 PM - 04:30 PM;;;;;;;;
6068;SAN ANDRES;San Andrés;SANTANDERES;Santander;Carrera 5 N° 8-10;MARTES A VIERNES Y SÁBADO;DE MARTES A VIERNES DE 8:00 AM A 11:30 AM Y DE 2:00 P.M. A 4:30 P.M. SABADO DE 8:00 AM A 2:00 P.M.;;;;;;;;
3115;CACHIPAY;Cachipay;BOGOTA;Cundinamarca;Calle 4 No. 5-34/40;LUNES A VIERNES;08:00 AM - 11:30 AM Y DE 02:00 PM - 04:30 PM;;;;;;;;
3157;SAN CAYETANO;San Cayetano;BOGOTA;Cundinamarca;Calle 3 No.4-10 Centro;MARTES A SABADO;8:00 AM A 2:00 P.M.;;;;;;;;
4514;FUENTE DE ORO;Fuente De Oro;BOGOTA;Meta;Carrera 14 Centro;LUNES A VIERNES;08:00 AM - 11:30 AM Y DE 02:00 PM - 04:30 PM;;;;;;;;
7360;SARAVENA;Saravena;BOGOTA;Arauca;Carrera 15 No.26-53/55/57;LUNES A VIERNES;08:00 AM - 11:30 AM Y DE 02:00 PM - 04:30 PM;;;;;;;;
1622;BARANOA;Baranoa;COSTA;Atlántico;Carrera 19 Nº. 16-52 Plaza de Baranoa;LUNES A VIERNES;08:00 AM - 11:30 AM Y DE 02:00 PM - 04:30 PM;;;;;;;;
2405;BECERRIL;Becerril;COSTA;Cesar;Carrera 7 Calle 10 esquina. Barrio Palmaritos Nuevo Palacio Municipal;LUNES A VIERNES;08:00 AM - 11:30 AM Y DE 02:00 PM - 04:30 PM;;;;;;;;
3640;SAN JUAN DEL CESAR;San Juan Del Cesar;COSTA;La Guajira;CALLE 5 N° 5 -121;LUNES A VIERNES;08:00 AM - 11:30 AM Y DE 02:00 PM - 04:30 PM;;;;;;;;
4210;SANTA MARTA;Santa Marta;COSTA;Magdalena;Calle 15 No.3-07;LUNES A VIERNES;08:00 AM - 11:30 AM Y DE 02:00 PM - 04:30 PM;;;;;;;;
1571;SAN MATEO;San Mateo;ORIENTE;Boyacá;CARRERA 4 No. 3 - 75;LUNES A VIERNES;08:00 AM - 11:30 AM Y DE 02:00 PM - 04:30 PM;;;;;;;;
1573;SANTA ROSA DE VITERBO;Santa Rosa De Viterbo;ORIENTE;Boyacá;CALLE 3 No. 4 - 22 CALLE 9 No,. 4-42 Plaza Principal;LUNES A VIERNES;08:00 AM - 11:30 AM Y DE 02:00 PM - 04:30 PM;;;;;;;;
1578;SOCHA;Socha;ORIENTE;Boyacá;Carrera 10 N0. 3-57 Parque Principal;MARTES A VIERNES Y SÁBADO;DE MARTES A VIERNES DE 8:00 AM A 11:30 AM Y DE 2:00 P.M. A 4:30 P.M. SABADO DE 8:00 AM A 2:00 P.M.;;;;;;;;
1593;VENTAQUEMADA;Ventaquemada;ORIENTE;Boyacá;CALLE 5 No. 8 - 79;LUNES A VIERNES;08:00 AM - 11:30 AM Y DE 02:00 PM - 04:30 PM;;;;;;;;
6074;CHIPATA;Chipatá;ORIENTE;Santander;Calle 3 No. 5 - 37;LUNES A VIERNES;08:00 AM - 11:30 AM Y DE 02:00 PM - 04:30 PM;;;;;;;;
8640;VILLANUEVA;Villanueva;ORIENTE;Casanare;CALLE 11 No. 8-31/39 CENTRO AVENIDA PRINCIPAL/ HOTEL PANAMERICANO;LUNES A VIERNES;08:00 AM - 11:30 AM Y DE 02:00 PM - 04:30 PM;;;;;;;;
6066;MOLAGAVITA;Molagavita;SANTANDERES;Santander;CRA. 4 N° 4-02;MARTES A SABADO;8:00 AM A 2:00 P.M.;;;;;;;;
3161;SUPATA;Supatá;BOGOTA;Cundinamarca;Carrera 6 No. 5-03 Centro;MARTES A SABADO;8:00 AM A 2:00 P.M.;;;;;;;;
5113;CENTRAL DE ABASTOS CUCUTA;Cúcuta;SANTANDERES;Norte de Santander;CENABASTOS CUCUTA Galpón G local 7 y 18;MARTES A SABADO;8:00 AM A 2:00 P.M.;;;;;;;;
980;SUBACHOQUE;Subachoque;BOGOTA;Cundinamarca;Calle 2 No. 3-07;LUNES A VIERNES;8:00 A.M. A 3:00 P.M.;;;;;;;;
3101;TENA (Operando desde la oficina de La Mesa - Cundinamarca);Tena;BOGOTA;Cundinamarca;Calle 2 No 3-15 lado de la estación de policía;LUNES A VIERNES;08:00 AM - 11:30 AM Y DE 02:00 PM - 04:30 PM;;;;;;;;
3152;PAIME;Paime;BOGOTA;Cundinamarca;Calle 3 No. 2-16;LUNES A VIERNES;7.00 A.M. A 2:00 PM;;;;;;;;
4521;MESETAS;Mesetas;BOGOTA;Meta;Carrera 7 No.8-74;LUNES A VIERNES;08:00 AM - 11:30 AM Y DE 02:00 PM - 04:30 PM;;;;;;;;
1267;SANTA CATALINA;Santa Catalina;COSTA;Bolívar;Plaza Principal - Santa Catalina - Bolívar;LUNES A VIERNES;08:00 AM - 11:30 AM Y DE 02:00 PM - 04:30 PM;;;;;;;;
2413;FONSECA;Fonseca;COSTA;La Guajira;CALLE 13 N. 19-57;LUNES A VIERNES;08:00 AM - 11:30 AM Y DE 02:00 PM - 04:30 PM;;;;;;;;
2442;LA JAGUA DE IBIRICO;La Jagua De Ibirico;COSTA;Cesar;Carrera 4 No. 6 - 07;LUNES A VIERNES;08:00 AM - 11:30 AM Y DE 02:00 PM - 04:30 PM;;;;;;;;
4212;ARACATACA;Aracataca;COSTA;Magdalena;CALLE 4 # 4-56;LUNES A VIERNES;08:00 AM - 11:30 AM Y DE 02:00 PM - 04:30 PM;;;;;;;;
1507;DUITAMA;Duitama;ORIENTE;Boyacá;Calle 14 No 15-33/37-41;LUNES A VIERNES;08:00 AM - 11:30 AM Y DE 02:00 PM - 04:30 PM;;;;;;;;
1544;LA UVITA;La Uvita;ORIENTE;Boyacá;Carrera 6 No. 6 -73;LUNES A VIERNES;08:00 AM - 11:30 AM Y DE 02:00 PM - 04:30 PM;;;;;;;;
1547;NUEVO COLON;Nuevo Colón;ORIENTE;Boyacá;Calle 3 N° 4-13/17;LUNES A VIERNES;08:00 AM - 11:30 AM Y DE 02:00 PM - 04:30 PM;;;;;;;;
8648;SABANALARGA;Sabanalarga;ORIENTE;Casanare;Calle 5 No.7-10;LUNES A VIERNES;08:00 AM - 11:30 AM Y DE 02:00 PM - 04:30 PM;;;;;;;;
5170;TIBU;Tibú;SANTANDERES;Norte de Santander;CALLE 5 N° 5-11 Barrio Miraflores;LUNES A VIERNES;08:00 AM - 11:30 AM Y DE 02:00 PM - 04:30 PM;;;;;;;;
6042;SAN GIL;San Gil;SANTANDERES;Santander;Calle 12 No. 9-77 San Gil;LUNES A VIERNES;08:00 AM - 11:30 AM Y DE 02:00 PM - 04:30 PM;;;;;;;;
1401;CONCEPCION;Concepción;ANTIOQUIA;Antioquia;Calle 20 No. 21-27;MARTES A SABADO;8:00 AM A 2:00 P.M.;;;;;;;;
20;BOGOTA CENTRO DE PAGOS, RECAUDOS Y DEPOSITOS JUDICIALES CHAPINERO;Bogotá, D.C.;BOGOTA;Bogotá D.C;Carrera 13 No. 62 - 09;LUNES A VIERNES;8:00 AM A 3:30 P.M.;;;;;;;;
1510;CUBARA;Cubará;BOGOTA;Boyacá;CALLE 4 No.4-56/2-21;LUNES A VIERNES;08:00 AM - 11:30 AM Y DE 02:00 PM - 04:30 PM;;;;;;;;
3105;VILLAGOMEZ;Villagómez;BOGOTA;Cundinamarca;Calle 5 No. 3-47;MARTES A SABADO;8:00 AM A 2:00 P.M.;;;;;;;;
3142;LA MESA;La Mesa;BOGOTA;Cundinamarca;Calle 8 No. 18 - 17;LUNES A VIERNES;8:00 A.M. A 3:00 P.M.;;;;;;;;
4532;SAN JUAN DE ARAMA;San Juan De Arama;BOGOTA;Meta;Carrera 9 No.11-25;LUNES A VIERNES;08:00 AM - 11:30 AM Y DE 02:00 PM - 04:30 PM;;;;;;;;
4550;VISTAHERMOSA;Vistahermosa;BOGOTA;Meta;Calle 9 No.11-37 Calle 9 No. 2-77;LUNES A VIERNES;08:00 AM - 11:30 AM Y DE 02:00 PM - 04:30 PM;;;;;;;;
7310;CRAVO NORTE;Cravo Norte;BOGOTA;Arauca;CALLE 3 No. 4-51;LUNES A VIERNES;08:00 AM - 11:30 AM Y DE 02:00 PM - 04:30 PM;;;;;;;;
1218;MARIA LA BAJA;María La Baja;COSTA;Bolívar;Calle 19 No.12-36;LUNES A VIERNES;08:00 AM - 11:30 AM Y DE 02:00 PM - 04:30 PM;;;;;;;;
2422;CHIRIGUANA;Chiriguaná;COSTA;Cesar;Calle 8 No 2-148;LUNES A VIERNES;08:00 AM - 11:30 AM Y DE 02:00 PM - 04:30 PM;;;;;;;;
3630;MAICAO;Maicao;COSTA;La Guajira;CALLE 12 Nº. 9-12/12/16/18;LUNES A VIERNES;08:00 AM - 11:30 AM Y DE 02:00 PM - 04:30 PM;;;;;;;;
1506;BOAVITA;Boavita;ORIENTE;Boyacá;Cra.7 Calle 5 Local 107 Edificio del Gobierno Municipal;LUNES A VIERNES;08:00 AM - 11:30 AM Y DE 02:00 PM - 04:30 PM;;;;;;;;
1577;SOCOTA;Socotá;ORIENTE;Boyacá;Carrera 3 No. 3 -17;MARTES A VIERNES Y SÁBADO;DE MARTES A VIERNES DE 8:00 AM A 11:30 AM Y DE 2:00 P.M. A 4:30 P.M. SABADO DE 8:00 AM A 2:00 P.M.;;;;;;;;
1589;TURMEQUE;Turmequé;ORIENTE;Boyacá;CARRERA 4 No 1A-36;LUNES A VIERNES;08:00 AM - 11:30 AM Y DE 02:00 PM - 04:30 PM;;;;;;;;
6060;LA PAZ;La Paz;ORIENTE;Santander;CRA. 4 N° 3-01;LUNES A VIERNES;08:00 AM - 11:30 AM Y DE 02:00 PM - 04:30 PM;;;;;;;;
8660;TAMARA;Támara;ORIENTE;Casanare;CARRERA 6 No. 5-13 - Calle 25 No. 28-40 Inf.7;LUNES A VIERNES;08:00 AM - 11:30 AM Y DE 02:00 PM - 04:30 PM;;;;;;;;
6032;MALAGA;Málaga;SANTANDERES;Santander;CRA. 9 No.15-09/19/25;LUNES A VIERNES;08:00 AM - 11:30 AM Y DE 02:00 PM - 04:30 PM;;;;;;;;
6044;SOCORRO;Socorro;SANTANDERES;Santander;CRA. 14 N° 15-16;LUNES A VIERNES;08:00 AM - 11:30 AM Y DE 02:00 PM - 04:30 PM;;;;;;;;
1374;CARMEN DE VIBORAL;El Carmen De Viboral;ANTIOQUIA;Antioquia;Carrera 30 No.31-64;MARTES A VIERNES Y SÁBADO;DE MARTES A VIERNES DE 8:00 AM A 11:30 AM Y DE 2:00 P.M. A 4:30 P.M. SABADO DE 8:00 AM A 2:00 P.M.;;;;;;;;
3124;EL COLEGIO;El Colegio;BOGOTA;Cundinamarca;Carrera 6 No. 9 – 50 / 58;LUNES A VIERNES;08:00 AM - 11:30 AM Y DE 02:00 PM - 04:30 PM;;;;;;;;
3158;SAN FRANCISCO;San Francisco;BOGOTA;Cundinamarca;Carrera. 6 No. 3-09;LUNES A VIERNES;08:00 AM - 11:30 AM Y DE 02:00 PM - 04:30 PM;;;;;;;;
4518;LEJANIAS;Lejanías;BOGOTA;Meta;Carrera 14 No.7-02 Barrio Centro;LUNES A VIERNES;08:00 AM - 11:30 AM Y DE 02:00 PM - 04:30 PM;;;;;;;;
7315;FORTUL;Fortul;BOGOTA;Arauca;CALLE 7 No. 23-17;LUNES A VIERNES;08:00 AM - 11:30 AM Y DE 02:00 PM - 04:30 PM;;;;;;;;
1215;ARJONA;Arjona;COSTA;Bolívar;Carrera 41 No. 44 -89 Calle del Coco;LUNES A VIERNES;08:00 AM - 11:30 AM Y DE 02:00 PM - 04:30 PM;;;;;;;;
2427;EL COPEY;El Copey;COSTA;Cesar;Calle 8 No.15-06 Local 1 Barrio Centro;LUNES A VIERNES;08:00 AM - 11:30 AM Y DE 02:00 PM - 04:30 PM;;;;;;;;
2455;PAILITAS - CESAR;Pailitas;COSTA;Cesar;Carrera 6 No. 5 – 40;LUNES A VIERNES;08:00 AM - 11:30 AM Y DE 02:00 PM - 04:30 PM;;;;;;;;
3620;MANAURE;Manaure;COSTA;La Guajira;Calle 3 No. 3-36 Barrio Centro;LUNES A VIERNES;08:00 AM - 11:30 AM Y DE 02:00 PM - 04:30 PM;;;;;;;;
1532;GAMEZA;Gameza;ORIENTE;Boyacá;CARRERA 4 No. 3-05;LUNES A VIERNES;08:00 AM - 11:30 AM Y DE 02:00 PM - 04:30 PM;;;;;;;;
1576;SOATA;Soatá;ORIENTE;Boyacá;CARRERA 4 No. 9 - 56;MARTES A VIERNES Y SÁBADO;DE MARTES A VIERNES DE 8:00 AM A 11:30 AM Y DE 2:00 P.M. A 4:30 P.M. SABADO DE 8:00 AM A 2:00 P.M.;;;;;;;;
8623;NUNCHIA;Nunchía;ORIENTE;Casanare;Calle 7 No. 5 – 91;LUNES A VIERNES;08:00 AM - 11:30 AM Y DE 02:00 PM - 04:30 PM;;;;;;;;
5150;SARDINATA;Sardinata;SANTANDERES;Norte de Santander;Carrera 6 N° 5-27 Centro;MARTES A VIERNES Y SÁBADO;DE MARTES A VIERNES DE 8:00 AM A 11:30 AM Y DE 2:00 P.M. A 4:30 P.M. SABADO DE 8:00 AM A 2:00 P.M.;;;;;;;;
6039;CONCEPCION;Concepción;SANTANDERES;Santander;CRA. 4 N° 6-67;LUNES A VIERNES;08:00 AM - 11:30 AM Y DE 02:00 PM - 04:30 PM;;;;;;;;
6072;SIMACOTA;Simacota;SANTANDERES;Santander;Cra. 5 No.5-56 Barrio el Centro;LUNES A VIERNES;08:00 AM - 11:30 AM Y DE 02:00 PM - 04:30 PM;;;;;;;;
6651;FRESNO;Fresno;SUR;Tolima;Calle 3 No. 6 - 26;MARTES A VIERNES Y SÁBADO;DE MARTES A VIERNES DE 8:00 AM A 11:30 AM Y DE 2:00 P.M. A 4:30 P.M. SABADO DE 8:00 AM A 2:00 P.M.;;;;;;;;
3106;ANAPOIMA;Anapoima;BOGOTA;Cundinamarca;Calle 8 No. 2-14;LUNES A VIERNES;08:00 AM - 11:30 AM Y DE 02:00 PM - 04:30 PM;;;;;;;;
3145;LA VEGA;La Vega;BOGOTA;Cundinamarca;Carrera .2 No.18-148;LUNES A VIERNES;08:00 AM - 11:30 AM Y DE 02:00 PM - 04:30 PM;;;;;;;;
7370;TAME;Tame;BOGOTA;Arauca;Carrera 15 No. 15-52/64;LUNES A VIERNES;08:00 AM - 11:30 AM Y DE 02:00 PM - 04:30 PM;;;;;;;;
1207;CARTAGENA;Cartagena;COSTA;Bolívar;Calle del Arsenal - Calle 24 No. 8B-165 Barrio Getsemani - Oficina y el Centro de Pagos y la Unidad de Depósitos Judiciales en la Calle Larga, Calle 25 No. 8B-162 Barrio Getsemani.;LUNES A VIERNES;08:00 AM - 11:30 AM Y DE 02:00 PM - 04:30 PM;;;;;;;;
2402;ASTREA;Astrea;COSTA;Cesar;CALLE 7 Nº. 3-03;LUNES A VIERNES;08:00 AM - 11:30 AM Y DE 02:00 PM - 04:30 PM;;;;;;;;
2414;BOSCONIA;Bosconia;COSTA;Cesar;CALLE 18 Nº.19-67;LUNES A VIERNES;08:00 AM - 11:30 AM Y DE 02:00 PM - 04:30 PM;;;;;;;;
3603;RIOHACHA;Riohacha;COSTA;La Guajira;Calle 2 Nº. 6-67/69;LUNES A VIERNES;08:00 AM - 11:30 AM Y DE 02:00 PM - 04:30 PM;;;;;;;;
1536;GUATEQUE;Guateque;ORIENTE;Boyacá;Cra. 7 No. 10 - 05;LUNES A VIERNES;08:00 AM - 11:30 AM Y DE 02:00 PM - 04:30 PM;;;;;;;;
1586;TIPACOQUE;Tipacoque;ORIENTE;Boyacá;Calle 8 No.3-47;LUNES A VIERNES;08:00 AM - 11:30 AM Y DE 02:00 PM - 04:30 PM;;;;;;;;
6058;LA BELLEZA;La Belleza;ORIENTE;Santander;Carrera 4 No 4-82/84;LUNES A VIERNES;08:00 AM - 11:30 AM Y DE 02:00 PM - 04:30 PM;;;;;;;;
8646;PORE;Pore;ORIENTE;Casanare;Calle 3 No. 16-82/16/88;LUNES A VIERNES;08:00 AM - 11:30 AM Y DE 02:00 PM - 04:30 PM;;;;;;;;
6037;CERRITO;Cerrito;SANTANDERES;Santander;CALLE 8 N° 5-13;LUNES A VIERNES;08:00 AM - 11:30 AM Y DE 02:00 PM - 04:30 PM;;;;;;;;
6045;CHIMA;Chima;SANTANDERES;Santander;Calle 5 No.6-01 Parque Central;LUNES A VIERNES;08:00 AM - 11:30 AM Y DE 02:00 PM - 04:30 PM;;;;;;;;
6670;VENADILLO;Venadillo;SUR;Tolima;Carrera.4 No 3 - 92;MARTES A VIERNES Y SÁBADO;DE MARTES A VIERNES DE 8:00 AM A 11:30 AM Y DE 2:00 P.M. A 4:30 P.M. SABADO DE 8:00 AM A 2:00 P.M.;;;;;;;;
1382;LA UNION;La Unión;ANTIOQUIA;Antioquia;Calle 10 No.8-54;MARTES A SABADO;8:00 AM A 2:00 P.M.;;;;;;;;
3149;NOCAIMA;Nocaima;BOGOTA;Cundinamarca;Carrera 6 No.6-49;MARTES A SABADO;8:00 AM A 2:00 P.M.;;;;;;;;
5122;CHITAGA;Chitagá;SANTANDERES;Norte de Santander;CRA. 6 N° 3-67;MARTES A SABADO;8:00 AM A 2:00 P.M.;;;;;;;;
5125;"GRAMALOTE ""Cúcuta Norte de Santander""";Gramalote;SANTANDERES;Norte de Santander;Manzana 3 Lote 6 Centro Calle Real;MARTES A SABADO;8:00 AM A 2:00 P.M.;;;;;;;;
3109;APULO;Apulo;BOGOTA;Cundinamarca;Carrera 4 No. 11-65 Avenida Colombia Barrio Centro;LUNES A VIERNES;7.00 A.M. A 2:00 PM;;;;;;;;
3167;SASAIMA;Sasaima;BOGOTA;Cundinamarca;Carrera 4 No. 7-75;LUNES A VIERNES;08:00 AM - 11:30 AM Y DE 02:00 PM - 04:30 PM;;;;;;;;
3172;TOPAIPI;Topaipí;BOGOTA;Cundinamarca;Carrera 10 No. 3-30;LUNES A VIERNES;8:00 A.M. A 3:00 P.M.;;;;;;;;
4530;PUERTO LOPEZ;Puerto López;BOGOTA;Meta;Carrera 4 No. 5-16/20 Barrio Abel Rey;LUNES A VIERNES;08:00 AM - 11:30 AM Y DE 02:00 PM - 04:30 PM;;;;;;;;
8635;PARATEBUENO;Paratebueno;BOGOTA;Cundinamarca;Calle 2 N° 9 - 15;LUNES A VIERNES;08:00 AM - 11:30 AM Y DE 02:00 PM - 04:30 PM;;;;;;;;
2416;CHIMICHAGUA;Chimichagua;COSTA;Cesar;Calle 5 No. 4-02/ 06;LUNES A VIERNES;08:00 AM - 11:30 AM Y DE 02:00 PM - 04:30 PM;;;;;;;;
1509;CAMPOHERMOSO;Campohermoso;ORIENTE;Boyacá;Carrera 5 No. 2 – 03/07;LUNES A VIERNES;08:00 AM - 11:30 AM Y DE 02:00 PM - 04:30 PM;;;;;;;;
1556;PESCA;Pesca;ORIENTE;Boyacá;Carrera 4 No.4-13;LUNES A VIERNES;08:00 AM - 11:30 AM Y DE 02:00 PM - 04:30 PM;;;;;;;;
1574;SANTA SOFIA;Santa Sofía;ORIENTE;Boyacá;Calle 4 No.3-07;LUNES A VIERNES;08:00 AM - 11:30 AM Y DE 02:00 PM - 04:30 PM;;;;;;;;
1582;SUSACON;Susacón;ORIENTE;Boyacá;CALLE 6 No. 3 - 07;LUNES A VIERNES;08:00 AM - 11:30 AM Y DE 02:00 PM - 04:30 PM;;;;;;;;
6057;JESUS MARIA;Jesús María;ORIENTE;Santander;Carrera 5 # 5-41;LUNES A VIERNES;08:00 AM - 11:30 AM Y DE 02:00 PM - 04:30 PM;;;;;;;;
8650;SAN LUIS DE PALENQUE;San Luis De Palenque;ORIENTE;Casanare;CARRERA 7 No. 2-55 Parque Principal - Calle 4 No. 4-06;LUNES A VIERNES;08:00 AM - 11:30 AM Y DE 02:00 PM - 04:30 PM;;;;;;;;
6005;RIONEGRO;Rionegro;SANTANDERES;Santander;Carrera 13 No 10-26 Barrio la Gloria;LUNES A VIERNES;08:00 AM - 11:30 AM Y DE 02:00 PM - 04:30 PM;;;;;;;;
230;BOGOTA - CAN;Bogotá, D.C.;BOGOTA;Bogotá D.C;CALLE 44 No 54 - 82;LUNES A VIERNES;9:00 A.M. A 4:00 P.M.;;;;;;;;
3121;VILLETA;Villeta;BOGOTA;Cundinamarca;Carrera 8 No. 4 - 33;LUNES A VIERNES;08:00 AM - 11:30 AM Y DE 02:00 PM - 04:30 PM;;;;;;;;
3143;LA PALMA;La Palma;BOGOTA;Cundinamarca;Calle 4 con Carrera 4 esquina;LUNES A VIERNES;7.00 A.M. A 2:00 PM;;;;;;;;
3186;VIOTA;Viotá;BOGOTA;Cundinamarca;Calle 20 No.10-33;LUNES A VIERNES;08:00 AM - 11:30 AM Y DE 02:00 PM - 04:30 PM;;;;;;;;
4510;CABUYARO;Cabuyaro;BOGOTA;Meta;Centro;LUNES A VIERNES;08:00 AM - 11:30 AM Y DE 02:00 PM - 04:30 PM;;;;;;;;
4524;PUERTO GAITAN;Puerto Gaitán;BOGOTA;Meta;Calle 8 No.15-07;LUNES A VIERNES;08:00 AM - 11:30 AM Y DE 02:00 PM - 04:30 PM;;;;;;;;
4220;EL BANCO;El Banco;COSTA;Magdalena;Calle 6 No.8-51;LUNES A VIERNES;08:00 AM - 11:30 AM Y DE 02:00 PM - 04:30 PM;;;;;;;;
1501;AQUITANIA;Aquitania;ORIENTE;Boyacá;Calle 7 No.6-34;LUNES A VIERNES;08:00 AM - 11:30 AM Y DE 02:00 PM - 04:30 PM;;;;;;;;
1553;PAEZ;Páez;ORIENTE;Boyacá;Carrera 2 No. 5-04;LUNES A VIERNES;08:00 AM - 11:30 AM Y DE 02:00 PM - 04:30 PM;;;;;;;;
1575;SATIVANORTE;Sativanorte;ORIENTE;Boyacá;Carrera 3 No. 7 - 02 / 12;LUNES A VIERNES;08:00 AM - 11:30 AM Y DE 02:00 PM - 04:30 PM;;;;;;;;
1583;SUTAMARCHAN;Sutamarchán;ORIENTE;Boyacá;CARRERA 3 No. 4 - 34/46;LUNES A VIERNES;08:00 AM - 11:30 AM Y DE 02:00 PM - 04:30 PM;;;;;;;;
6076;SUCRE;Sucre;ORIENTE;santander;CENTRO;LUNES A VIERNES;08:00 AM - 11:30 AM Y DE 02:00 PM - 04:30 PM;;;;;;;;
8665;TRINIDAD;Trinidad;ORIENTE;Casanare;CARRERA 4 No 6 -28;LUNES A VIERNES;08:00 AM - 11:30 AM Y DE 02:00 PM - 04:30 PM;;;;;;;;
1394;YONDO;Yondó;SANTANDERES;Antioquia;Carrera 55 No.46 B - 44 Antonio Roldan B.;LUNES A VIERNES;08:00 AM - 11:30 AM Y DE 02:00 PM - 04:30 PM;;;;;;;;
5115;CHINACOTA;Chinácota;SANTANDERES;Norte de Santander;CALLE 3 No. 3-56 Esquina;MARTES A VIERNES Y SÁBADO;DE MARTES A VIERNES DE 8:00 AM A 11:30 AM Y DE 2:00 P.M. A 4:30 P.M. SABADO DE 8:00 AM A 2:00 P.M.;;;;;;;;
5180;VILLACARO;Villa Caro;SANTANDERES;Norte de Santander;CALLE 2 N° 5-03 Barrio el centro;MARTES A VIERNES Y SÁBADO;DE MARTES A VIERNES DE 8:00 AM A 11:30 AM Y DE 2:00 P.M. A 4:30 P.M. SABADO DE 8:00 AM A 2:00 P.M.;;;;;;;;
6016;OIBA;Oiba;SANTANDERES;Santander;Calle 10 No. 7 - 18;LUNES A VIERNES;08:00 AM - 11:30 AM Y DE 02:00 PM - 04:30 PM;;;;;;;;
3912;BARAYA;Baraya;SUR;Huila;Calle 2C No.6-64;MARTES A SABADO;8:00 AM A 2:00 P.M.;;;;;;;;
1334;ALTAMIRA (Corregimiento del municipio de Betulia - Antioquia);Betulia;ANTIOQUIA;Antioquia;Calle 10 No. 8-02 Local 201;MARTES A SABADO;8:00 AM A 2:00 P.M.;;;;;;;;
1390;SANTUARIO;El Santuario;ANTIOQUIA;Antioquia;Cra.50 No.50-35/37;MARTES A SABADO;8:00 AM A 2:00 P.M.;;;;;;;;
3110;AGUA DE DIOS;Agua De Dios;BOGOTA;Cundinamarca;Carrera 9 No.14-02/08;LUNES A VIERNES;08:00 AM - 11:30 AM Y DE 02:00 PM - 04:30 PM;;;;;;;;
3192;BOGOTA - GOBERNACION DE CUND.;Bogotá, D.C.;BOGOTA;Bogotá D.C;CALLE 26 No.47-73 Edif.Gobernación de Cund.;LUNES A VIERNES;9:00 A.M. A 4:00 P.M.;;;;;;;;
4230;GUAMAL;Guamal;COSTA;Magdalena;Carrera 5 No. 5 - 27;LUNES A VIERNES;08:00 AM - 11:30 AM Y DE 02:00 PM - 04:30 PM;;;;;;;;
6055;GUAVATA;Guavatá;ORIENTE;Santander;Carrera 3 No. 4-30 BARRIO COLON;LUNES A VIERNES;08:00 AM - 11:30 AM Y DE 02:00 PM - 04:30 PM;;;;;;;;
6056;GUEPSA;Güepsa;ORIENTE;Santander;CRA. 5 N° 3-47;LUNES A VIERNES;08:00 AM - 11:30 AM Y DE 02:00 PM - 04:30 PM;;;;;;;;
8645;PAZ DE ARIPORO;Paz De Ariporo;ORIENTE;Casanare;CARRERA 8 No. 10-10 - CALLE 4 No. 10-62;LUNES A VIERNES;08:00 AM - 11:30 AM Y DE 02:00 PM - 04:30 PM;;;;;;;;
5152;SALAZAR;Salazar;SANTANDERES;Norte de Santander;CALLE 3 N° 3-59;MARTES A SABADO;8:00 AM A 2:00 P.M.;;;;;;;;
6020;BARRANCABERMEJA;Barrancabermeja;SANTANDERES;Santander;CALLE 49 N° 5-03 Sector Comercial;LUNES A VIERNES;08:00 AM - 11:30 AM Y DE 02:00 PM - 04:30 PM;;;;;;;;
6022;SAN VICENTE DE CHUCURI;San Vicente De Chucurí;SANTANDERES;Santander;CRA 10 N° 9-36;LUNES A VIERNES;08:00 AM - 11:30 AM Y DE 02:00 PM - 04:30 PM;;;;;;;;
6054;GUADALUPE;Guadalupe;SANTANDERES;Santander;CRA. 4 N° 5-09;LUNES A VIERNES;08:00 AM - 11:30 AM Y DE 02:00 PM - 04:30 PM;;;;;;;;
6078;TONA;Tona;SANTANDERES;Santander;Calle 7 N° 3-25;LUNES A VIERNES;08:00 AM - 11:30 AM Y DE 02:00 PM - 04:30 PM;;;;;;;;
3960;TELLO;Tello;SUR;Huila;CRA 5 No 4 - 02;MARTES A SABADO;8:00 AM A 2:00 P.M.;;;;;;;;
6607;CAJAMARCA;Cajamarca;SUR;Tolima;Carrera 8 No. 6-56 Parque Principal;LUNES A VIERNES;08:00 AM - 11:30 AM Y DE 02:00 PM - 04:30 PM;;;;;;;;
280;BOGOTA - CODABAS;Bogotá, D.C.;BOGOTA;Bogotá D.C;Cra. 7a No. 180-71/75 módulo 1 local 29;LUNES A VIERNES;7.00 A.M. A 2:00 PM;;;;;;;;
3133;GUADUAS;Guaduas;BOGOTA;Cundinamarca;Calle 4 No. 4 A - 16;LUNES A VIERNES;08:00 AM - 11:30 AM Y DE 02:00 PM - 04:30 PM;;;;;;;;
3190;YACOPI;Yacopí;BOGOTA;Cundinamarca;Carrera 4 No. 9 - 23 / 27 frente al parque principal;LUNES A VIERNES;08:00 AM - 11:30 AM Y DE 02:00 PM - 04:30 PM;;;;;;;;
7303;ARAUCA;Arauca;BOGOTA;Arauca;Calle 20 N. 20-05;LUNES A VIERNES;08:00 AM - 11:30 AM Y DE 02:00 PM - 04:30 PM;;;;;;;;
1243;MOMPOX;Mompós;COSTA;Bolívar;Carrera 2 No.19-01 Palacio Municipal;LUNES A VIERNES;08:00 AM - 11:30 AM Y DE 02:00 PM - 04:30 PM;;;;;;;;
1516;SOGAMOSO;Sogamoso;ORIENTE;Boyacá;Carrera 11 No.12-99;LUNES A VIERNES;08:00 AM - 11:30 AM Y DE 02:00 PM - 04:30 PM;;;;;;;;
1518;CHITA;Chita;ORIENTE;Boyacá;Calle 4 No. 4 - 43;LUNES A VIERNES;08:00 AM - 11:30 AM Y DE 02:00 PM - 04:30 PM;;;;;;;;
1550;MIRAFLORES;Miraflores;ORIENTE;Boyacá;Carrera 7 No. 3 - 40;LUNES A VIERNES;08:00 AM - 11:30 AM Y DE 02:00 PM - 04:30 PM;;;;;;;;
1567;SABOYA;Saboyá;ORIENTE;Boyacá;CARRERA 10 No. 6 - 45;LUNES A VIERNES;08:00 AM - 11:30 AM Y DE 02:00 PM - 04:30 PM;;;;;;;;
6050;FLORIAN;Florián;ORIENTE;Santander;CALLE 4 N°1B-153;LUNES A VIERNES;08:00 AM - 11:30 AM Y DE 02:00 PM - 04:30 PM;;;;;;;;
8610;HATO COROZAL;Hato Corozal;ORIENTE;Casanare;Calle 12 No. 8-13;LUNES A VIERNES;08:00 AM - 11:30 AM Y DE 02:00 PM - 04:30 PM;;;;;;;;
2435;SAN ALBERTO;San Alberto;SANTANDERES;Cesar;CRA. 2 Nº. 6-54 Esquina Calle 6 No. 3 -20 Parque Principal;LUNES A VIERNES;08:00 AM - 11:30 AM Y DE 02:00 PM - 04:30 PM;;;;;;;;
5145;RAGONVALIA;Ragonvalia;SANTANDERES;Norte de Santander;Calle 5 No.2-44 Barrio Centro;MARTES A SABADO;8:00 AM A 2:00 P.M.;;;;;;;;
6040;SABANA DE TORRES;Sabana De Torres;SANTANDERES;Santander;CALLE 13 N° 10-44;LUNES A VIERNES;08:00 AM - 11:30 AM Y DE 02:00 PM - 04:30 PM;;;;;;;;
6041;CONTRATACION;Contratación;SANTANDERES;Santander;Calle 5 N° 3-20;LUNES A VIERNES;08:00 AM - 11:30 AM Y DE 02:00 PM - 04:30 PM;;;;;;;;
6080;EL CARMEN DE CHUCURI;El Carmen De Chucurí;SANTANDERES;Santander;Calle 5 No. 3 - 06;LUNES A VIERNES;08:00 AM - 11:30 AM Y DE 02:00 PM - 04:30 PM;;;;;;;;
6081;VILLANUEVA;Villanueva;SANTANDERES;Santander;Cra. 14 No.14-71;LUNES A VIERNES;08:00 AM - 11:30 AM Y DE 02:00 PM - 04:30 PM;;;;;;;;
7940;SAN MIGUEL;San Miguel;SUR;Putumayo;Calle 6 No. 4 - 46 - 56 Sector Urbano;LUNES A VIERNES;08:00 AM - 11:30 AM Y DE 02:00 PM - 04:30 PM;;;;;;;;
1317;ANZA;Anza;ANTIOQUIA;Antioquia;Calle 10 No.10-24/28 Parque Principal;MARTES A SABADO;8:00 AM A 2:00 P.M.;;;;;;;;
1372;COCORNA;Cocorná;ANTIOQUIA;Antioquia;Carrera 21 No 21-13/17;MARTES A SABADO;8:00 AM A 2:00 P.M.;;;;;;;;
3117;CAPARRAPI;Caparrapí;BOGOTA;Cundinamarca;Carrera. 4 No. 7-25;MARTES A SABADO;8:00 AM A 2:00 P.M.;;;;;;;;
1572;SANTANA;Santana;ORIENTE;Boyacá;Calle 3 No. 4-65 Parque Principal;MARTES A VIERNES Y SÁBADO;DE MARTES A VIERNES DE 8:00 AM A 11:30 AM Y DE 2:00 P.M. A 4:30 P.M. SABADO DE 8:00 AM A 2:00 P.M.;;;;;;;;
1595;ZETAQUIRA;Zetaquira;ORIENTE;Boyacá;CALLE 12 No. 9 - 65 Carrera 3 No.2-06 Parque Principal;MARTES A VIERNES Y SÁBADO;DE MARTES A VIERNES DE 8:00 AM A 11:30 AM Y DE 2:00 P.M. A 4:30 P.M. SABADO DE 8:00 AM A 2:00 P.M.;;;;;;;;
5121;CACHIRA;Cachirá;SANTANDERES;Norte de Santander;CRA. 7 N° 5-29 Parque Principal;MARTES A VIERNES Y SÁBADO;DE MARTES A VIERNES DE 8:00 AM A 11:30 AM Y DE 2:00 P.M. A 4:30 P.M. SABADO DE 8:00 AM A 2:00 P.M.;;;;;;;;
5127;HERRAN;Herrán;SANTANDERES;Norte de Santander;AVENIDA 3 N° 3-14 Sector los Balcones;MARTES A SABADO;8:00 AM A 2:00 P.M.;;;;;;;;
5134;LOURDES;Lourdes;SANTANDERES;Norte de Santander;Calle 4 No. 3-46;MARTES A SABADO;8:00 AM A 2:00 P.M.;;;;;;;;
6660;ROVIRA;Rovira;SUR;Tolima;Carrera 2a. No. 1 -78 a 1-99 Barrio Centro - Brisas de Luisa;MARTES A VIERNES Y SÁBADO;DE MARTES A VIERNES DE 8:00 AM A 11:30 AM Y DE 2:00 P.M. A 4:30 P.M. SABADO DE 8:00 AM A 2:00 P.M.;;;;;;;;
1305;ITAGÜI;Itagüi;ANTIOQUIA;Antioquia;CALLE 85 N° 48-01 Bloque 31 Nivel 2;LUNES A VIERNES;08:00 AM - 11:30 AM Y DE 02:00 PM - 04:30 PM;;;;;;;;
1331;MEDELLIN ALPUJARRA;Medellín;ANTIOQUIA;Antioquia;Calle 41 No. 53-59;LUNES A VIERNES;08:00 AM - 11:30 AM Y DE 02:00 PM - 04:30 PM;;;;;;;;
1365;PUERTO BERRIO;Puerto Berrío;ANTIOQUIA;Antioquia;CALLE 50 N° 5-27/29/31/35;LUNES A VIERNES;08:00 AM - 11:30 AM Y DE 02:00 PM - 04:30 PM;;;;;;;;
3111;CABRERA;Cabrera;BOGOTA;Cundinamarca;Carrera. 2 No.5-34;LUNES A VIERNES;8:00 A.M. A 3:00 P.M.;;;;;;;;
3159;SAN JUAN DE RIOSECO;San Juan De Río Seco;BOGOTA;Cundinamarca;Carrera 6 No. 4- 40/46;LUNES A VIERNES;08:00 AM - 11:30 AM Y DE 02:00 PM - 04:30 PM;;;;;;;;
2470;TAMALAMEQUE;Tamalameque;COSTA;Cesar;Carrera 5 No. 4 - 57 Esquina;LUNES A VIERNES;08:00 AM - 11:30 AM Y DE 02:00 PM - 04:30 PM;;;;;;;;
1522;COVARACHIA;Covarachía;ORIENTE;Boyacá;Cra. 1 No. 3 - 20 ALCALDIA MUNICIPAL;LUNES A VIERNES;08:00 AM - 11:30 AM Y DE 02:00 PM - 04:30 PM;;;;;;;;
1552;OTANCHE;Otanche;ORIENTE;Boyacá;Calle 4A N° 3-19;LUNES A VIERNES;08:00 AM - 11:30 AM Y DE 02:00 PM - 04:30 PM;;;;;;;;
1554;PAJARITO;Pajarito;ORIENTE;Boyacá;Cra.3 No.3-00 - Carrera 2 No. 4-71;LUNES A VIERNES;08:00 AM - 11:30 AM Y DE 02:00 PM - 04:30 PM;;;;;;;;
1570;SAN LUIS DE GACENO;San Luis De Gaceno;ORIENTE;Boyacá;CALLE 4 No. 4 - 45;LUNES A VIERNES;08:00 AM - 11:30 AM Y DE 02:00 PM - 04:30 PM;;;;;;;;
5130;PAMPLONA;Pamplona;SANTANDERES;Norte de Santander;CALLE 6 No.6-58;LUNES A VIERNES;08:00 AM - 11:30 AM Y DE 02:00 PM - 04:30 PM;;;;;;;;
1307;MEDELLIN AMERICA;Medellín;ANTIOQUIA;Antioquia;Calle 44 No. 84-11;LUNES A VIERNES;08:00 AM - 11:30 AM Y DE 02:00 PM - 04:30 PM;;;;;;;;
1371;LA ESTRELLA;La Estrella;ANTIOQUIA;Antioquia;Calle 80 Sur No. 60 - 26 Parque Principal;LUNES A VIERNES;08:00 AM - 11:30 AM Y DE 02:00 PM - 04:30 PM;;;;;;;;
1410;CARACOLI;Caracolí;ANTIOQUIA;Antioquia;Calle 21 No.20B-23 Calle la Bácula;MARTES A SABADO;8:00 AM A 2:00 P.M.;;;;;;;;
1560;PUERTO BOYACA;Puerto Boyacá;ANTIOQUIA;Boyacá;Calle 11 No. 3 A 24;LUNES A VIERNES;08:00 AM - 11:30 AM Y DE 02:00 PM - 04:30 PM;;;;;;;;
2770;SAHAGUN;Sahagún;ANTIOQUIA;Córdoba;Calle 14 No.11-29;LUNES A VIERNES;08:00 AM - 11:30 AM Y DE 02:00 PM - 04:30 PM;;;;;;;;
700;LA CALERA;La Calera;BOGOTA;Cundinamarca;Calle 7 No 3-40/46;LUNES A VIERNES;8:00 A.M. A 3:00 P.M.;;;;;;;;
890;BOGOTA - USME;Bogotá, D.C.;BOGOTA;Bogotá D.C;CALLE 137 B SUR No. 2 A -64;LUNES A VIERNES;7.00 A.M. A 2:00 PM;;;;;;;;
3120;CHAGUANI;Chaguaní;BOGOTA;Cundinamarca;Carrera 4 No. 3-01 Esquina;LUNES A VIERNES;7.00 A.M. A 2:00 PM;;;;;;;;
5425;LA TEBAIDA;La Tebaida;CAFETERA;Quindio;CALLE 12 No 5 - 71;LUNES A VIERNES;08:00 AM - 11:30 AM Y DE 02:00 PM - 04:30 PM;;;;;;;;
5440;CORDOBA;Córdoba;CAFETERA;Quindio;CRA 10 CON CALLE 12 ESQUINA EDIFICIO DEL CAFÉ - PLAZA PRPAL;MARTES A SABADO;8:00 AM A 2:00 P.M.;;;;;;;;
2460;PELAYA;Pelaya;COSTA;Cesar;CRA. 8 Nº. 9-67;LUNES A VIERNES;08:00 AM - 11:30 AM Y DE 02:00 PM - 04:30 PM;;;;;;;;
4223;EL DIFICIL;Ariguaní;COSTA;Magdalena;Calle 4 No. 5-120;LUNES A VIERNES;08:00 AM - 11:30 AM Y DE 02:00 PM - 04:30 PM;;;;;;;;
6366;SAN ONOFRE;San Onofre;COSTA;Sucre;Cra. 19 No.20-65 Plaza Principal;LUNES A VIERNES;08:00 AM - 11:30 AM Y DE 02:00 PM - 04:30 PM;;;;;;;;
2107;TOTORO;Totoró;OCCIDENTE;Cauca;Calle 3 N° 4 - 86;MARTES A SABADO;8:00 AM A 2:00 P.M.;;;;;;;;
1548;MACANAL;Macanal;ORIENTE;Boyacá;Carrera 6 No. 2 -73/75;LUNES A VIERNES;08:00 AM - 11:30 AM Y DE 02:00 PM - 04:30 PM;;;;;;;;
1555;PAUNA;Pauna;ORIENTE;Boyacá;CALLE 5 No. 5 - 05/ 45 Barrio Central;LUNES A VIERNES;08:00 AM - 11:30 AM Y DE 02:00 PM - 04:30 PM;;;;;;;;
1569;SAN JOSE DE PARE;San José De Pare;ORIENTE;Boyacá;Carrera 4 # 1-75/79-Centro;MARTES A VIERNES Y SÁBADO;DE MARTES A VIERNES DE 8:00 AM A 11:30 AM Y DE 2:00 P.M. A 4:30 P.M. SABADO DE 8:00 AM A 2:00 P.M.;;;;;;;;
5112;ARBOLEDAS;Arboledas;SANTANDERES;Norte de Santander;Calle 4 N° 5-50;MARTES A SABADO;8:00 AM A 2:00 P.M.;;;;;;;;
5119;CACOTA;Cácota;SANTANDERES;Norte de Santander;CALLE 4 N° 2-76;MARTES A SABADO;8:00 AM A 2:00 P.M.;;;;;;;;
3925;PALERMO;Palermo;SUR;Huila;Carrera 9 No. 9-46;MARTES A VIERNES Y SÁBADO;DE MARTES A VIERNES DE 8:00 AM A 11:30 AM Y DE 2:00 P.M. A 4:30 P.M. SABADO DE 8:00 AM A 2:00 P.M.;;;;;;;;
1368;CISNEROS;Cisneros;ANTIOQUIA;Antioquia;Calle 20 No.20-05;MARTES A SABADO;8:00 AM A 2:00 P.M.;;;;;;;;
1385;SAN CRISTOBAL;Medellín;ANTIOQUIA;Antioquia;Calle 63 No. 129 A - 80 Centro Comercial San Cristobal Plaza.;LUNES A VIERNES;08:00 AM - 11:30 AM Y DE 02:00 PM - 04:30 PM;;;;;;;;
1435;MACEO;Maceo;ANTIOQUIA;Antioquia;Carrera 30 No. 29-63;MARTES A SABADO;8:00 AM A 2:00 P.M.;;;;;;;;
2775;SAN ANDRES DE SOTAVENTO;San Andrés De Sotavento;ANTIOQUIA;Córdoba;CALLE 9 No.5-59 Calle 8 B No. 7 B -59 Centro;LUNES A VIERNES;8:00 A.M. A 3:00 P.M.;;;;;;;;
850;BOGOTA - PUENTE ARANDA;Bogotá, D.C.;BOGOTA;Bogotá D.C;Calle 13 No. 60 - 60;LUNES A VIERNES;9:00 A.M. A 4:00 P.M.;;;;;;;;
3136;GUASCA;Guasca;BOGOTA;Cundinamarca;Carrera 4 No.3-35/45;LUNES A VIERNES;8:00 A.M. A 3:00 P.M.;;;;;;;;
3150;VENECIA;Venecia;BOGOTA;Cundinamarca;Carrera 4 N° 5-04;MARTES A SABADO;8:00 AM A 2:00 P.M.;;;;;;;;
8303;SAN JOSE DEL GUAVIARE;San José Del Guaviare;BOGOTA;Guaviare;Carrera 24 No. 7 - 50;LUNES A VIERNES;08:00 AM - 11:30 AM Y DE 02:00 PM - 04:30 PM;;;;;;;;
5462;PIJAO;Pijao;CAFETERA;Quindio;Carrera 5 No. 11 - 48 Local 01;MARTES A SABADO;8:00 AM A 2:00 P.M.;;;;;;;;
2437;LA GLORIA;La Gloria;COSTA;Cesar;Calle 2 No. 4 - 27 Barrio Calle Central;LUNES A VIERNES;08:00 AM - 11:30 AM Y DE 02:00 PM - 04:30 PM;;;;;;;;
4215;SABANAS DE SAN ANGEL;Sabanas De San Angel;COSTA;Magdalena;Carrera 3 No. 3 - 03 Plaza Principal;LUNES A VIERNES;08:00 AM - 11:30 AM Y DE 02:00 PM - 04:30 PM;;;;;;;;
6380;TOLU;Santiago De Tolú;COSTA;Sucre;Calle 16 No.3-53;LUNES A VIERNES;08:00 AM - 11:30 AM Y DE 02:00 PM - 04:30 PM;;;;;;;;
2105;CAJIBIO;Cajibío;OCCIDENTE;Cauca;Parque Principal;MARTES A VIERNES Y SÁBADO;DE MARTES A VIERNES DE 8:00 AM A 11:30 AM Y DE 2:00 P.M. A 4:30 P.M. SABADO DE 8:00 AM A 2:00 P.M.;;;;;;;;
1515;CHIVOR;Chivor;ORIENTE;Boyacá;Carrera 4 No. 4 -02/06;LUNES A VIERNES;08:00 AM - 11:30 AM Y DE 02:00 PM - 04:30 PM;;;;;;;;
1520;CHITARAQUE;Chitaraque;ORIENTE;Boyacá;Calle 2 No. 3 - 39;LUNES A VIERNES;08:00 AM - 11:30 AM Y DE 02:00 PM - 04:30 PM;;;;;;;;
1542;LABRANZAGRANDE;Labranzagrande;ORIENTE;Boyacá;Calle 8 No. 7-38-42-44-48;LUNES A VIERNES;08:00 AM - 11:30 AM Y DE 02:00 PM - 04:30 PM;;;;;;;;
5108;BOCHALEMA;Bochalema;SANTANDERES;Norte de Santander;CALLE 10 No.5-50 Edificio Agrobancario;LUNES A VIERNES;08:00 AM - 11:30 AM Y DE 02:00 PM - 04:30 PM;;;;;;;;
5117;CUCUTILLA;Cucutilla;SANTANDERES;Norte de Santander;Carrera 3 No. 4-43/44 Barrio Sogamoso;MARTES A SABADO;8:00 AM A 2:00 P.M.;;;;;;;;
6033;CAPITANEJO;Capitanejo;SANTANDERES;Santander;CRA. 4 N° 5-39/43;LUNES A VIERNES;08:00 AM - 11:30 AM Y DE 02:00 PM - 04:30 PM;;;;;;;;
3950;SANTA MARIA;Santa María;SUR;Huila;Carrera 4a No. 10 - 40/44/46;MARTES A VIERNES Y SÁBADO;DE MARTES A VIERNES DE 8:00 AM A 11:30 AM Y DE 2:00 P.M. A 4:30 P.M. SABADO DE 8:00 AM A 2:00 P.M.;;;;;;;;
1375;CALDAS;Caldas;ANTIOQUIA;Antioquia;Calle 130 Sur No. 50-44/50;LUNES A VIERNES;08:00 AM - 11:30 AM Y DE 02:00 PM - 04:30 PM;;;;;;;;
1377;GIRARDOTA;Girardota;ANTIOQUIA;Antioquia;Calle 6 No.. 14-26;LUNES A VIERNES;08:00 AM - 11:30 AM Y DE 02:00 PM - 04:30 PM;;;;;;;;
1430;PUERTO NARE;Puerto Nare;ANTIOQUIA;Antioquia;Calle 50 No.2-13;MARTES A SABADO;8:00 AM A 2:00 P.M.;;;;;;;;
1456;VEGACHI;Vegachí;ANTIOQUIA;Antioquia;Carrera 49 No.50 A - 14/34;MARTES A SABADO;8:00 AM A 2:00 P.M.;;;;;;;;
2721;CHIMA;Chimá;ANTIOQUIA;Córdoba;Carrera 4 N° 11 - 18;LUNES A VIERNES;8:00 A.M. A 3:00 P.M.;;;;;;;;
820;BOGOTA - AVENIDA CHILE;Bogotá, D.C.;BOGOTA;Bogotá D.C;Call 72 No. 10 - 51;LUNES A VIERNES;9:00 A.M. A 4:00 P.M.;;;;;;;;
3140;JUNIN;Junín;BOGOTA;Cundinamarca;Carrera 4 No 2-13;LUNES A VIERNES;8:00 A.M. A 3:00 P.M.;;;;;;;;
3162;PANDI;Pandi;BOGOTA;Cundinamarca;Carrera.4 No.3-42;MARTES A SABADO;8:00 AM A 2:00 P.M.;;;;;;;;
3176;UTICA;Útica;BOGOTA;Cundinamarca;Carrera.4 No.2-54 Plaza Principal Esquina;MARTES A SABADO;8:00 AM A 2:00 P.M.;;;;;;;;
4522;PUERTO LLERAS;Puerto Lleras;BOGOTA;Meta;Carrera 5 No. 6 A -42 Parque Principal.;LUNES A VIERNES;08:00 AM - 11:30 AM Y DE 02:00 PM - 04:30 PM;;;;;;;;
4523;PUERTO RICO;Puerto Rico;BOGOTA;Meta;Calle 13 No. 3-20-24;LUNES A VIERNES;08:00 AM - 11:30 AM Y DE 02:00 PM - 04:30 PM;;;;;;;;
5430;BARCELONA (Corregimiento del municipio de Calarcá - Quindio );Calarca;CAFETERA;Quindio;CRA 11 CALLE 11 Esquina;MARTES A SABADO;8:00 AM A 2:00 P.M.;;;;;;;;
4205;CHIVOLO;Chivolo;COSTA;Magdalena;TRANSV. 5ª No.3-86 Carrera 13 No.5-54;LUNES A VIERNES;08:00 AM - 11:30 AM Y DE 02:00 PM - 04:30 PM;;;;;;;;
6360;SAMPUES;Sampués;COSTA;Sucre;CRA. 20 No. 23-76 Calle Real;LUNES A VIERNES;08:00 AM - 11:30 AM Y DE 02:00 PM - 04:30 PM;;;;;;;;
5412;CAICEDONIA;Caicedonia;OCCIDENTE;Valle del Cauca;Carrera 15 N° 8 - 20/26;MARTES A VIERNES Y SÁBADO;DE MARTES A VIERNES DE 8:00 AM A 11:30 AM Y DE 2:00 P.M. A 4:30 P.M. SABADO DE 8:00 AM A 2:00 P.M.;;;;;;;;
6916;SILVIA;Silvia;OCCIDENTE;Cauca;Carrera 3 No.10-32;MARTES A SABADO;8:00 AM A 2:00 P.M.;;;;;;;;
1545;MUZO;Muzo;ORIENTE;Boyacá;Calle 3 No. 6-33;LUNES A VIERNES;08:00 AM - 11:30 AM Y DE 02:00 PM - 04:30 PM;;;;;;;;
1584;TENZA;Tenza;ORIENTE;Boyacá;CALLE 5 No. 9 - 27/29;LUNES A VIERNES;08:00 AM - 11:30 AM Y DE 02:00 PM - 04:30 PM;;;;;;;;
6052;GAMBITA;Gambita;ORIENTE;Santander;Carrera 11 Parque Principal Calle 4 No. 9-06;LUNES A VIERNES;08:00 AM - 11:30 AM Y DE 02:00 PM - 04:30 PM;;;;;;;;
2401;AGUACHICA;Aguachica;SANTANDERES;Cesar;Calle 5 No. 22-33;LUNES A VIERNES;08:00 AM - 11:30 AM Y DE 02:00 PM - 04:30 PM;;;;;;;;
6035;CARCASI;Carcasí;SANTANDERES;Santander;Carrera 2 N° 3-47;LUNES A VIERNES;08:00 AM - 11:30 AM Y DE 02:00 PM - 04:30 PM;;;;;;;;
3957;TERUEL;Teruel;SUR;Huila;CRA 3 No 5 - 76;MARTES A VIERNES Y SÁBADO;DE MARTES A VIERNES DE 8:00 AM A 11:30 AM Y DE 2:00 P.M. A 4:30 P.M. SABADO DE 8:00 AM A 2:00 P.M.;;;;;;;;
1360;HELICONIA;Heliconia;ANTIOQUIA;Antioquia;Carrera 20 No. 20-18;MARTES A SABADO;8:00 AM A 2:00 P.M.;;;;;;;;
5455;BUENAVISTA;Buenavista;CAFETERA;Quindio;CALLE 2 No 3 - 30;MARTES A SABADO;8:00 AM A 2:00 P.M.;;;;;;;;
5114;DURANIA;Durania;SANTANDERES;Norte de Santander;EDIF. FUENTES BARRIO CENTRO;MARTES A SABADO;8:00 AM A 2:00 P.M.;;;;;;;;
2750;MOMIL;Momil;ANTIOQUIA;Córdoba;Carrera 10 No. 9 -07;LUNES A VIERNES;08:00 AM - 11:30 AM Y DE 02:00 PM - 04:30 PM;;;;;;;;
3135;GACHETA;Gachetá;BOGOTA;Cundinamarca;Carrera 4 No. 4-27;LUNES A VIERNES;8:00 A.M. A 3:00 P.M.;;;;;;;;
4501;VILLAVICENCIO;Villavicencio;BOGOTA;Meta;Carrera. 32 No. 39 - 43;LUNES A VIERNES;08:00 AM - 11:30 AM Y DE 02:00 PM - 04:30 PM;;;;;;;;
4540;SAN CARLOS DE GUAROA;San Carlos De Guaroa;BOGOTA;Meta;Carrera 12 No.4-53 Parque Principal;LUNES A VIERNES;08:00 AM - 11:30 AM Y DE 02:00 PM - 04:30 PM;;;;;;;;
4244;PLATO;Plato;COSTA;Magdalena;Carrera 15 No. 6-61 Los guayacane;LUNES A VIERNES;08:00 AM - 11:30 AM Y DE 02:00 PM - 04:30 PM;;;;;;;;
6303;SINCELEJO;Sincelejo;COSTA;Sucre;Calle 23 Carrera 16 Esquina - Torre GENTIUM LOCAL 101, 102 y 103;LUNES A VIERNES;08:00 AM - 11:30 AM Y DE 02:00 PM - 04:30 PM;;;;;;;;
6955;TULUA;Tuluá;OCCIDENTE;Valle del Cauca;Carrera 26 No. 27 - 59 / 27 - 63;LUNES A VIERNES;08:00 AM - 11:30 AM Y DE 02:00 PM - 04:30 PM;;;;;;;;
1538;GUAYATA;Guayatá;ORIENTE;Boyacá;Calle 4 No. 4 - 02;LUNES A VIERNES;08:00 AM - 11:30 AM Y DE 02:00 PM - 04:30 PM;;;;;;;;
5111;ABREGO;Abrego;SANTANDERES;Norte de Santander;Calle 14 N° 5-60;LUNES A VIERNES;08:00 AM - 11:30 AM Y DE 02:00 PM - 04:30 PM;;;;;;;;
6026;CIMITARRA;Cimitarra;SANTANDERES;Santander;Carrera 4 No 6-24;LUNES A VIERNES;08:00 AM - 11:30 AM Y DE 02:00 PM - 04:30 PM;;;;;;;;
6610;HONDA;Honda;SUR;Tolima;CARRERA 11 N° 14 -91/101;LUNES A VIERNES;08:00 AM - 11:30 AM Y DE 02:00 PM - 04:30 PM;;;;;;;;
1309;ANGELOPOLIS;Angelópolis;ANTIOQUIA;Antioquia;Calle 11 No. 11 - 43/45;MARTES A SABADO;8:00 AM A 2:00 P.M.;;;;;;;;
1386;SAN JERONIMO;San Jerónimo;ANTIOQUIA;Antioquia;Calle 24 No. 12 A 31;MARTES A SABADO;8:00 AM A 2:00 P.M.;;;;;;;;
1388;SAN VICENTE;San Vicente;ANTIOQUIA;Antioquia;Cra.29 No.29-26/81 primer piso Palacio Municipal;MARTES A SABADO;8:00 AM A 2:00 P.M.;;;;;;;;
1450;PEQUE;Peque;ANTIOQUIA;Antioquia;Calle 10 Santander No. 10-36;MARTES A SABADO;8:00 AM A 2:00 P.M.;;;;;;;;
2773;PURISIMA;Purísima;ANTIOQUIA;Córdoba;Carrera 6 # 4 - 34;LUNES A VIERNES;08:00 AM - 11:30 AM Y DE 02:00 PM - 04:30 PM;;;;;;;;
3113;ARBELAEZ;Arbeláez;BOGOTA;Cundinamarca;Calle 8 No.7-08/10;LUNES A VIERNES;8:00 A.M. A 3:00 P.M.;;;;;;;;
8630;OROCUE;Orocué;BOGOTA;Casanare;CALLE 4 No. 9 - 19 B LA CANDELARIA;LUNES A VIERNES;08:00 AM - 11:30 AM Y DE 02:00 PM - 04:30 PM;;;;;;;;
5420;QUIMBAYA;Quimbaya;CAFETERA;Quindio;CALLE 15 No. 4 - 30;MARTES A VIERNES Y SÁBADO;DE MARTES A VIERNES DE 8:00 AM A 11:30 AM Y DE 2:00 P.M. A 4:30 P.M. SABADO DE 8:00 AM A 2:00 P.M.;;;;;;;;
6924;BOLIVAR;Bolívar;CAFETERA;Valle del Cauca;Calle 5 No.3 -61;LUNES A VIERNES;08:00 AM - 11:30 AM Y DE 02:00 PM - 04:30 PM;;;;;;;;
1230;EL CARMEN DE BOLIVAR;El Carmen de Bolivar;COSTA;Bolívar;Calle 22 No 52-34;LUNES A VIERNES;08:00 AM - 11:30 AM Y DE 02:00 PM - 04:30 PM;;;;;;;;
4830;EL TAMBO;El Tambo;OCCIDENTE;Nariño;Carrera 10 con Calle 5 - Barrio Colón;MARTES A VIERNES Y SÁBADO;DE MARTES A VIERNES DE 8:00 AM A 11:30 AM Y DE 2:00 P.M. A 4:30 P.M. SABADO DE 8:00 AM A 2:00 P.M.;;;;;;;;
4866;BUESACO;Buesaco;OCCIDENTE;Nariño;Carrera 3 No. 8 – 56 Centro - Parque Principal;MARTES A SABADO;8:00 AM A 2:00 P.M.;;;;;;;;
6922;PIENDAMO;Piendamó;OCCIDENTE;Cauca;Cra. 3 Calle 8-00;MARTES A SABADO;8:00 AM A 2:00 P.M.;;;;;;;;
1579;SOMONDOCO;Somondoco;ORIENTE;Boyacá;CALLE 4 No. 3 - 15;LUNES A VIERNES;08:00 AM - 11:30 AM Y DE 02:00 PM - 04:30 PM;;;;;;;;
5120;OCAÑA;Ocaña;SANTANDERES;Norte de Santander;CARRERA 12 No. 11-02;LUNES A VIERNES;08:00 AM - 11:30 AM Y DE 02:00 PM - 04:30 PM;;;;;;;;
5136;MUTISCUA;Mutiscua;SANTANDERES;Norte de Santander;Calle 8 No.2-46/48 Barrio San José;LUNES A VIERNES;08:00 AM - 11:30 AM Y DE 02:00 PM - 04:30 PM;;;;;;;;
6062;LANDAZURI;Landázuri;SANTANDERES;Santander;Carrera 5A No 6-56;LUNES A VIERNES;08:00 AM - 11:30 AM Y DE 02:00 PM - 04:30 PM;;;;;;;;
3902;AGRADO;Agrado;SUR;Huila;Carrera 4 No 5-16 Parque Central.;MARTES A VIERNES Y SÁBADO;DE MARTES A VIERNES DE 8:00 AM A 11:30 AM Y DE 2:00 P.M. A 4:30 P.M. SABADO DE 8:00 AM A 2:00 P.M.;;;;;;;;
3935;IQUIRA;Iquira;SUR;Huila;Carrera 7 No. 3 - 26 Barrio el Centro;MARTES A SABADO;8:00 AM A 2:00 P.M.;;;;;;;;
6608;MARIQUITA;Mariquita;SUR;Tolima;Calle 4 No. 2-120 Carrera 3 No. 4-18;LUNES A VIERNES;08:00 AM - 11:30 AM Y DE 02:00 PM - 04:30 PM;;;;;;;;
4830;TAMBO;;;;;;;;;;;;;;
1350;AMAGA;Amagá;ANTIOQUIA;Antioquia;CALLE 50 N° 51 – 15;MARTES A SABADO;8:00 AM A 2:00 P.M.;;;;;;;;
1366;PUERTO TRIUNFO;Puerto Triunfo;ANTIOQUIA;Antioquia;Cra.11 NO.10-17;LUNES A VIERNES;08:00 AM - 11:30 AM Y DE 02:00 PM - 04:30 PM;;;;;;;;
1420;FRONTINO;Frontino;ANTIOQUIA;Antioquia;Cra.32 No.28-61;MARTES A SABADO;8:00 AM A 2:00 P.M.;;;;;;;;
1422;GOMEZ PLATA;Gómez Plata;ANTIOQUIA;Antioquia;Calle 50 No.49-13;MARTES A SABADO;8:00 AM A 2:00 P.M.;;;;;;;;
1471;ALEJANDRIA;Alejandría;ANTIOQUIA;Antioquia;Calle 20 No.19-34/36;MARTES A SABADO;8:00 AM A 2:00 P.M.;;;;;;;;
2745;LORICA;Lorica;ANTIOQUIA;Córdoba;Calle 1 No.6-16;LUNES A VIERNES;08:00 AM - 11:30 AM Y DE 02:00 PM - 04:30 PM;;;;;;;;
3134;GACHALA;Gachala;BOGOTA;Cundinamarca;Carrera 4 No. 6-32/36;LUNES A VIERNES;8:00 A.M. A 3:00 P.M.;;;;;;;;
3144;LA PEÑA;La Peña;BOGOTA;Cundinamarca;Carrera 2 No. 7 - 53;MARTES A SABADO;8:00 AM A 2:00 P.M.;;;;;;;;
3156;SAN BERNARDO;San Bernardo;BOGOTA;Cundinamarca;Carrera 4 No. 6-02 Palacio Municipal primer Piso;MARTES A SABADO;8:00 AM A 2:00 P.M.;;;;;;;;
7350;PUERTO RONDON;Puerto Rondón;BOGOTA;Arauca;CALLE 1 No. 3-56;LUNES A VIERNES;08:00 AM - 11:30 AM Y DE 02:00 PM - 04:30 PM;;;;;;;;
3164;PUERTO SALGAR;Puerto Salgar;CAFETERA;Cundinamarca;Calle 11 No.12-17 Calle 12 No. 11-17;LUNES A VIERNES;08:00 AM - 11:30 AM Y DE 02:00 PM - 04:30 PM;;;;;;;;
6901;ALCALA;Alcalá;CAFETERA;Valle del Cauca;Calle 5 No.9-27;MARTES A SABADO;8:00 AM A 2:00 P.M.;;;;;;;;
6950;SEVILLA;Sevilla;CAFETERA;Valle del Cauca;Cra. 49 No. 50 - 08;MARTES A VIERNES Y SÁBADO;DE MARTES A VIERNES DE 8:00 AM A 11:30 AM Y DE 2:00 P.M. A 4:30 P.M. SABADO DE 8:00 AM A 2:00 P.M.;;;;;;;;
1263;SAN JACINTO;San Jacinto;COSTA;Bolívar;Carrera 41 No. 20-35;LUNES A VIERNES;08:00 AM - 11:30 AM Y DE 02:00 PM - 04:30 PM;;;;;;;;
6382;TOLUVIEJO;Tolú Viejo;COSTA;Sucre;Diagonal 3 No. 4-03/15 (Calle San José);LUNES A VIERNES;08:00 AM - 11:30 AM Y DE 02:00 PM - 04:30 PM;;;;;;;;
2110;CALDONO;Caldono;OCCIDENTE;Cauca;Calle Principal - Barrio Bolivar;MARTES A SABADO;8:00 AM A 2:00 P.M.;;;;;;;;
4811;ANCUYA;Ancuyá;OCCIDENTE;Nariño;Calle 2 No.3-59 Palacio Municipal;MARTES A SABADO;8:00 AM A 2:00 P.M.;;;;;;;;
4845;CHACHAGÜI;Chachagüi;OCCIDENTE;Nariño;Calle 3 N° 4 – 71;MARTES A VIERNES Y SÁBADO;DE MARTES A VIERNES DE 8:00 AM A 11:30 AM Y DE 2:00 P.M. A 4:30 P.M. SABADO DE 8:00 AM A 2:00 P.M.;;;;;;;;
1512;CHINAVITA;Chinavita;ORIENTE;Boyacá;Calle 4 No. 3 - 32;MARTES A VIERNES Y SÁBADO;DE MARTES A VIERNES DE 8:00 AM A 11:30 AM Y DE 2:00 P.M. A 4:30 P.M. SABADO DE 8:00 AM A 2:00 P.M.;;;;;;;;
8603;YOPAL;Yopal;ORIENTE;Casanare;Carrera 22 No. 8-64;LUNES A VIERNES;08:00 AM - 11:30 AM Y DE 02:00 PM - 04:30 PM;;;;;;;;
2465;RIO DE ORO;Río De Oro;SANTANDERES;Cesar;PARQUE PRINCIPAL;LUNES A VIERNES;08:00 AM - 11:30 AM Y DE 02:00 PM - 04:30 PM;;;;;;;;
5118;LABATECA;Labateca;SANTANDERES;Norte de Santander;Palacio Municipal - piso 1;MARTES A SABADO;8:00 AM A 2:00 P.M.;;;;;;;;
3940;YAGUARA;Yaguará;SUR;Huila;CALLE 4 No 3 - 70;LUNES A VIERNES;08:00 AM - 11:30 AM Y DE 02:00 PM - 04:30 PM;;;;;;;;
3943;BRUSELAS (Corregimiento de Pitalito - Huila);Pitalito;SUR;Huila;Calle 5 N° 3 - 36;MARTES A VIERNES Y SÁBADO;DE MARTES A VIERNES DE 8:00 AM A 11:30 AM Y DE 2:00 P.M. A 4:30 P.M. SABADO DE 8:00 AM A 2:00 P.M.;;;;;;;;
6622;FALAN;Falan;SUR;Tolima;Calle 6 No.3-60;MARTES A VIERNES Y SÁBADO;DE MARTES A VIERNES DE 8:00 AM A 11:30 AM Y DE 2:00 P.M. A 4:30 P.M. SABADO DE 8:00 AM A 2:00 P.M.;;;;;;;;
1392;TITIRIBI;Titiribí;ANTIOQUIA;Antioquia;Carrera. 21 No. 19-68 Carrera Santander.;MARTES A SABADO;8:00 AM A 2:00 P.M.;;;;;;;;
1396;SAN CARLOS;San Carlos;ANTIOQUIA;Antioquia;Calle 21 No. 19-18/20/24;MARTES A SABADO;8:00 AM A 2:00 P.M.;;;;;;;;
1414;CAROLINA;Carolina;ANTIOQUIA;Antioquia;Calle 49 No.50-20;MARTES A SABADO;8:00 AM A 2:00 P.M.;;;;;;;;
1474;SANTO DOMINGO;Santo Domingo;ANTIOQUIA;Antioquia;Cra.15 No.12-35;MARTES A SABADO;8:00 AM A 2:00 P.M.;;;;;;;;
2754;MOÑITOS;Moñitos;ANTIOQUIA;Córdoba;Carrera 4 No.4-29 Calle Principal;LUNES A VIERNES;08:00 AM - 11:30 AM Y DE 02:00 PM - 04:30 PM;;;;;;;;
3174;UBALA;Ubalá;BOGOTA;Cundinamarca;Calle 2 N° 4-03/09;MARTES A SABADO;8:00 AM A 2:00 P.M.;;;;;;;;
3178;VERGARA;Vergara;BOGOTA;Cundinamarca;Calle 2 No. 4 - 34;MARTES A VIERNES Y SÁBADO;DE MARTES A VIERNES DE 8:00 AM A 11:30 AM Y DE 2:00 P.M. A 4:30 P.M. SABADO DE 8:00 AM A 2:00 P.M.;;;;;;;;
5413;LA DORADA;La Dorada;CAFETERA;Caldas;Calle 13 N° 2-66;LUNES A VIERNES;08:00 AM - 11:30 AM Y DE 02:00 PM - 04:30 PM;;;;;;;;
6982;ULLOA;Ulloa;CAFETERA;Valle del Cauca;Carrera 2 No.4-69/71 Plaza Principal;MARTES A SABADO;8:00 AM A 2:00 P.M.;;;;;;;;
1250;SANJ_NEPOMUC_COS_1250;San Juan Nepomuceno;COSTA;Bolívar;Calle 10 Nº. 9-55 / Calle 9 No. 10-55 Barrio Centro.;LUNES A VIERNES;08:00 AM - 11:30 AM Y DE 02:00 PM - 04:30 PM;;;;;;;;
6314;COROZAL;Corozal;COSTA;Sucre;Cra.25 Nº. 27-29;LUNES A VIERNES;08:00 AM - 11:30 AM Y DE 02:00 PM - 04:30 PM;;;;;;;;
4810;SANDONA;Sandoná;OCCIDENTE;Nariño;Calle 5 No. 4-28 Barrio San Carlos - Plaza Principal;MARTES A VIERNES Y SÁBADO;DE MARTES A VIERNES DE 8:00 AM A 11:30 AM Y DE 2:00 P.M. A 4:30 P.M. SABADO DE 8:00 AM A 2:00 P.M.;;;;;;;;
4822;YACUANQUER;Yacuanquer;OCCIDENTE;Nariño;Carrera 2 No. 9 - 35;LUNES A VIERNES;8:00 A.M. A 3:00 P.M.;;;;;;;;
1534;GARAGOA;Garagoa;ORIENTE;Boyacá;Cra.10 No. 9 - 66 LOCAL 101;LUNES A VIERNES;08:00 AM - 11:30 AM Y DE 02:00 PM - 04:30 PM;;;;;;;;
6024;BARBOSA;Barbosa;ORIENTE;Santander;CALLE 8 N° 8 – 22;LUNES A VIERNES;08:00 AM - 11:30 AM Y DE 02:00 PM - 04:30 PM;;;;;;;;
5123;EL CARMEN;El Carmen;SANTANDERES;Norte de Santander;Calle 8 N° 3-07;LUNES A VIERNES;08:00 AM - 11:30 AM Y DE 02:00 PM - 04:30 PM;;;;;;;;
5160;TOLEDO;Toledo;SANTANDERES;Norte de Santander;Carrera 5 N° 12-80 Calle Real;MARTES A VIERNES Y SÁBADO;DE MARTES A VIERNES DE 8:00 AM A 11:30 AM Y DE 2:00 P.M. A 4:30 P.M. SABADO DE 8:00 AM A 2:00 P.M.;;;;;;;;
3937;ISNOS;San José de Isnos;SUR;Huila;Calle 5 # 3-60;LUNES A VIERNES;08:00 AM - 11:30 AM Y DE 02:00 PM - 04:30 PM;;;;;;;;
3970;TESALIA;Tesalia;SUR;Huila;CRA 9 No 5 - 16/18;MARTES A VIERNES Y SÁBADO;DE MARTES A VIERNES DE 8:00 AM A 11:30 AM Y DE 2:00 P.M. A 4:30 P.M. SABADO DE 8:00 AM A 2:00 P.M.;;;;;;;;
6624;PALOCABILDO;Palocabildo;SUR;Tolima;Carrera 8 No. 4 -03;MARTES A VIERNES Y SÁBADO;DE MARTES A VIERNES DE 8:00 AM A 11:30 AM Y DE 2:00 P.M. A 4:30 P.M. SABADO DE 8:00 AM A 2:00 P.M.;;;;;;;;
1349;ARMENIA;Armenia;ANTIOQUIA;Antioquia;Calle 10 No.8-04;MARTES A SABADO;8:00 AM A 2:00 P.M.;;;;;;;;
1380;GRANADA;Granada;ANTIOQUIA;Antioquia;Calle 21Bolívar No.21-04/08;MARTES A SABADO;8:00 AM A 2:00 P.M.;;;;;;;;
1415;AMALFI;Amalfi;ANTIOQUIA;Antioquia;Carrera 21 No. 19-045/049;MARTES A SABADO;8:00 AM A 2:00 P.M.;;;;;;;;
1460;SABANALARGA;Sabanalarga;ANTIOQUIA;Antioquia;CALLE 20 NRO. 19-26;MARTES A SABADO;8:00 AM A 2:00 P.M.;;;;;;;;
2132;JAMBALO;Jambaló;OCCIDENTE;Cauca;Carrera 3a # 5-11;LUNES A VIERNES;08:00 AM - 11:30 AM Y DE 02:00 PM - 04:30 PM;;;;;;;;
4844;LINARES;Linares;OCCIDENTE;Nariño;Calle 4 No. 3-27 Calle Principal;MARTES A SABADO;8:00 AM A 2:00 P.M.;;;;;;;;
6628;VILLAHERMOSA;Villahermosa;SUR;Tolima;Carrera 5 No. 8-12;MARTES A VIERNES Y SÁBADO;DE MARTES A VIERNES DE 8:00 AM A 11:30 AM Y DE 2:00 P.M. A 4:30 P.M. SABADO DE 8:00 AM A 2:00 P.M.;;;;;;;;
3123;GUAYABETAL;Guayabetal;BOGOTA;Cundinamarca;Calle 2 No.1-71;LUNES A VIERNES;8:00 A.M. A 3:00 P.M.;;;;;;;;
3154;QUETAME;Quetame;BOGOTA;Cundinamarca;Calle 4 NO 3-87;LUNES A VIERNES;8:00 A.M. A 3:00 P.M.;;;;;;;;
3163;SILVANIA;Silvania;BOGOTA;Cundinamarca;Calle 10 No. 5 - 14 / 16 / 18;LUNES A VIERNES;8:00 A.M. A 3:00 P.M.;;;;;;;;
6978;CARTAGO;Cartago;CAFETERA;Valle del Cauca;Calle 11 No. 4-71 / 4-79;LUNES A VIERNES;08:00 AM - 11:30 AM Y DE 02:00 PM - 04:30 PM;;;;;;;;
4203;CERRO DE SAN ANTONIO;Cerro San Antonio;COSTA;Magdalena;Calle 5 Nº. 4-41 Calle Principal - Barrio el Centro;LUNES A VIERNES;08:00 AM - 11:30 AM Y DE 02:00 PM - 04:30 PM;;;;;;;;
6335;LOS PALMITOS;Los Palmitos;COSTA;Sucre;Calle 6 No.6-14;LUNES A VIERNES;08:00 AM - 11:30 AM Y DE 02:00 PM - 04:30 PM;;;;;;;;
6350;OVEJAS;Ovejas;COSTA;Sucre;CRA. 16 No.20-26;LUNES A VIERNES;08:00 AM - 11:30 AM Y DE 02:00 PM - 04:30 PM;;;;;;;;
4832;FUNES;Funes;OCCIDENTE;Nariño;Carrera 4 No. 4 - 133 /137;LUNES A VIERNES;08:00 AM - 11:30 AM Y DE 02:00 PM - 04:30 PM;;;;;;;;
6954;RIOFRIO;Riofrío;OCCIDENTE;Valle del Cauca;Calle 6 No.9-50;LUNES A VIERNES;08:00 AM - 11:30 AM Y DE 02:00 PM - 04:30 PM;;;;;;;;
3952;SAN AGUSTIN;San Agustín;SUR;Huila;Cra.13 No.3-72;LUNES A VIERNES;08:00 AM - 11:30 AM Y DE 02:00 PM - 04:30 PM;;;;;;;;
1462;SAN ANDRES DE CUERQUIA;San Andrés De Cuerquía;ANTIOQUIA;Antioquia;Calle 30 No. 29 – 41 Parque Principal;MARTES A SABADO;8:00 AM A 2:00 P.M.;;;;;;;;
1480;TARSO;Tarso;ANTIOQUIA;Antioquia;Calle 20 No.19-12;MARTES A SABADO;8:00 AM A 2:00 P.M.;;;;;;;;
290;UBATE;Ubate;BOGOTA;Cundinamarca;CLL 6 NO 5-04 CALLE 6 No. 6-02;LUNES A VIERNES;8:00 A.M. A 3:00 P.M.;;;;;;;;
3114;CAQUEZA;Caqueza;BOGOTA;Cundinamarca;Carrera 5 No. 2-18;LUNES A VIERNES;8:00 A.M. A 3:00 P.M.;;;;;;;;
3126;FOSCA;Fosca;BOGOTA;Cundinamarca;Calle 2 NO 1-51;LUNES A VIERNES;8:00 A.M. A 3:00 P.M.;;;;;;;;
3166;FUSAGASUGA;Fusagasugá;BOGOTA;Cundinamarca;Carrera 4 No. 8 A - 10;LUNES A VIERNES;8:00 A.M. A 3:00 P.M.;;;;;;;;
1812;NEIRA;Neira;CAFETERA;Caldas;Carrera 10 No. 9-42 Palacio Municipal - primer piso;MARTES A SABADO;8:00 AM A 2:00 P.M.;;;;;;;;
6926;EL AGUILA;El Águila;CAFETERA;Valle del Cauca;CRA. 2 # 7-02/09 Plaza Principal Edificio del Café;MARTES A SABADO;8:00 AM A 2:00 P.M.;;;;;;;;
6935;ANSERMANUEVO;Ansermanuevo;CAFETERA;Valle del Cauca;CRA.4 BIS # 6-93;MARTES A SABADO;8:00 AM A 2:00 P.M.;;;;;;;;
1260;SAN ESTANISLAO;San Estanislao;COSTA;Bolívar;Calle 23 Nº. 19-29;LUNES A VIERNES;08:00 AM - 11:30 AM Y DE 02:00 PM - 04:30 PM;;;;;;;;
6368;SAN PEDRO;San Pedro;COSTA;Sucre;Calle 13 No. 8-16 barrio los Cocos;LUNES A VIERNES;08:00 AM - 11:30 AM Y DE 02:00 PM - 04:30 PM;;;;;;;;
6370;SINCE;San Luis De Sincé;COSTA;Sucre;Cra. 11 Nº. 10 -05;LUNES A VIERNES;08:00 AM - 11:30 AM Y DE 02:00 PM - 04:30 PM;;;;;;;;
2109;LA SIERRA;La Sierra;OCCIDENTE;Cauca;Calle Principal Edificio Alcaldía Municipal primer piso- Barrio Centro;MARTES A SABADO;8:00 AM A 2:00 P.M.;;;;;;;;
4838;ILES;Iles;OCCIDENTE;Nariño;Avenida Ochoa - Calle 1a. No. 6-100;LUNES A VIERNES;08:00 AM - 11:30 AM Y DE 02:00 PM - 04:30 PM;;;;;;;;
4874;SAN LORENZO;San Lorenzo;OCCIDENTE;Nariño;Carrera 3 con calle 3 Barrio Centro;MARTES A SABADO;8:00 AM A 2:00 P.M.;;;;;;;;
6920;SANTANDER DE QUILICHAO;Santander De Quilichao;OCCIDENTE;Cauca;Carrera 11 No. 03-64 C.C Santander Plaza;MARTES A VIERNES Y SÁBADO;DE MARTES A VIERNES DE 8:00 AM A 11:30 AM Y DE 2:00 P.M. A 4:30 P.M. SABADO DE 8:00 AM A 2:00 P.M.;;;;;;;;
6952;TRUJILLO;Trujillo;OCCIDENTE;Valle del Cauca;Cra.19 No.20-71/73;MARTES A VIERNES Y SÁBADO;DE MARTES A VIERNES DE 8:00 AM A 11:30 AM Y DE 2:00 P.M. A 4:30 P.M. SABADO DE 8:00 AM A 2:00 P.M.;;;;;;;;
6976;DAGUA;Dagua;OCCIDENTE;Valle del Cauca;Calle 10 N° 12 – 36;LUNES A VIERNES;08:00 AM - 11:30 AM Y DE 02:00 PM - 04:30 PM;;;;;;;;
1255;SAN PABLO;San Pablo;SANTANDERES;Bolívar;Carrera 6 No. 17 - 23;LUNES A VIERNES;08:00 AM - 11:30 AM Y DE 02:00 PM - 04:30 PM;;;;;;;;
5116;CONVENCION;Convención;SANTANDERES;Norte de Santander;CALLE 5 N° 6-42;LUNES A VIERNES;08:00 AM - 11:30 AM Y DE 02:00 PM - 04:30 PM;;;;;;;;
6079;VETAS;Vetas;SANTANDERES;Santander;Carrera 1 No. 4-50 PARQUE PRINCIPAL;LUNES A VIERNES;08:00 AM - 11:30 AM Y DE 02:00 PM - 04:30 PM;;;;;;;;
3918;GIGANTE;Gigante;SUR;Huila;Cra.4 Calle 4 Esquina;MARTES A VIERNES Y SÁBADO;DE MARTES A VIERNES DE 8:00 AM A 11:30 AM Y DE 2:00 P.M. A 4:30 P.M. SABADO DE 8:00 AM A 2:00 P.M.;;;;;;;;
3945;PALESTINA;Palestina;SUR;Huila;Calle 1a No. 2 - 37;MARTES A VIERNES Y SÁBADO;DE MARTES A VIERNES DE 8:00 AM A 11:30 AM Y DE 2:00 P.M. A 4:30 P.M. SABADO DE 8:00 AM A 2:00 P.M.;;;;;;;;
6634;CUNDAY;Cunday;SUR;Tolima;CALLE 6 No.4-50;MARTES A SABADO;8:00 AM A 2:00 P.M.;;;;;;;;
7510;BELEN DE LOS ANDAQUIES;Belén De Los Andaquíes;SUR;Caquetá;Carrera 4 No. 4-42;LUNES A VIERNES;08:00 AM - 11:30 AM Y DE 02:00 PM - 04:30 PM;;;;;;;;
7901;SIBUNDOY;Sibundoy;SUR;Putumayo;CALLE 18 No.15-59;LUNES A VIERNES;08:00 AM - 11:30 AM Y DE 02:00 PM - 04:30 PM;;;;;;;;
1452;PUEBLO RICO;Pueblorrico;ANTIOQUIA;Antioquia;Calle 30No.29-27 edificio del café;MARTES A SABADO;8:00 AM A 2:00 P.M.;;;;;;;;
1466;SAN JOSE DE LA MONTAÑA;San José De La Montaña;ANTIOQUIA;Antioquia;Calle 20 No. 21-24;LUNES A VIERNES;08:00 AM - 11:30 AM Y DE 02:00 PM - 04:30 PM;;;;;;;;
2717;CANALETE;Canalete;ANTIOQUIA;Córdoba;Diagonal al parque;LUNES A VIERNES;08:00 AM - 11:30 AM Y DE 02:00 PM - 04:30 PM;;;;;;;;
730;UNE;Une;BOGOTA;Cundinamarca;Carrera 3 No 2-15;LUNES A VIERNES;8:00 A.M. A 3:00 P.M.;;;;;;;;
3127;CARMEN DE CARUPA;Carmen De Carupa;BOGOTA;;Calle 2 N° 1 – 03;LUNES A VIERNES;8:00 A.M. A 3:00 P.M.;;;;;;;;
3139;GUTIERREZ;Gutiérrez;BOGOTA;Cundinamarca;Calle 5 NO 4-20;LUNES A VIERNES;8:00 A.M. A 3:00 P.M.;;;;;;;;
3153;PASCA;Pasca;BOGOTA;Cundinamarca;Calle 2 No. 2-72;MARTES A SABADO;8:00 AM A 2:00 P.M.;;;;;;;;
1850;ARANZAZU;Aranzazu;CAFETERA;Caldas;CRA 5 No 6 - 24 Plaza Principal;MARTES A SABADO;8:00 AM A 2:00 P.M.;;;;;;;;
1870;SAN JOSÉ;San José;CAFETERA;Caldas;Carrera 2 No 1A-44;MARTES A SABADO;8:00 AM A 2:00 P.M.;;;;;;;;
6932;NARANJAL (Corregimiento del municipio de Bolivar - Valle del Cauca);Bolívar;CAFETERA;Valle del Cauca;Calle 5 No. 5 - 25;MARTES A SABADO;8:00 AM A 2:00 P.M.;;;;;;;;
6974;TORO;Toro;CAFETERA;Valle del Cauca;Carrera 4 No.10-30;MARTES A SABADO;8:00 AM A 2:00 P.M.;;;;;;;;
1636;REPELON;Repelón;COSTA;Atlántico;Calle 8 No. 8 - 04;LUNES A VIERNES;08:00 AM - 11:30 AM Y DE 02:00 PM - 04:30 PM;;;;;;;;
6305;BUENAVISTA;Buenavista;COSTA;Sucre;CALLE 8 Nº. 8-27;LUNES A VIERNES;08:00 AM - 11:30 AM Y DE 02:00 PM - 04:30 PM;;;;;;;;
6320;GALERAS;Galeras;COSTA;Sucre;Cra. 5 Nº. 4-61;LUNES A VIERNES;08:00 AM - 11:30 AM Y DE 02:00 PM - 04:30 PM;;;;;;;;
2172;LA VEGA;La Vega;OCCIDENTE;Cauca;Calle 2 No.8-05;MARTES A SABADO;8:00 AM A 2:00 P.M.;;;;;;;;
2175;TORIBIO;Toribio;OCCIDENTE;CAUCA;Carrera 3 No. 4 - 09 Esquina del Parque Principal - Barrio la Unión;MARTES A VIERNES Y SÁBADO;DE MARTES A VIERNES DE 8:00 AM A 11:30 AM Y DE 2:00 P.M. A 4:30 P.M. SABADO DE 8:00 AM A 2:00 P.M.;;;;;;;;
4818;CONTADERO;Contadero;OCCIDENTE;Nariño;Carrera 2 No. 5-02;LUNES A VIERNES;08:00 AM - 11:30 AM Y DE 02:00 PM - 04:30 PM;;;;;;;;
4890;BERRUECOS;Arboleda;OCCIDENTE;Nariño;Barrio Centro Berruecos Casa Cural;MARTES A SABADO;8:00 AM A 2:00 P.M.;;;;;;;;
1551;MONIQUIRA;Moniquirá;ORIENTE;Boyacá;CARRERA 5 No.18 - 45/53;LUNES A VIERNES;08:00 AM - 11:30 AM Y DE 02:00 PM - 04:30 PM;;;;;;;;
1270;SANTA ROSA DEL SUR;Santa Rosa Del Sur;SANTANDERES;Bolívar;Calle 9 No. 11 -40;LUNES A VIERNES;08:00 AM - 11:30 AM Y DE 02:00 PM - 04:30 PM;;;;;;;;
5126;HACARI;Hacarí;SANTANDERES;Norte de Santander;Calle 4 frente a las instalaciones del Palacio Municipal;LUNES A VIERNES;08:00 AM - 11:30 AM Y DE 02:00 PM - 04:30 PM;;;;;;;;
5164;SILOS;Silos;SANTANDERES;Norte de Santander;Cra.5 No.3-41;LUNES A VIERNES;08:00 AM - 11:30 AM Y DE 02:00 PM - 04:30 PM;;;;;;;;
3932;NATAGA;Nátaga;SUR;Huila;CALLE 2 No. 5 - 77 / 83;MARTES A VIERNES Y SÁBADO;DE MARTES A VIERNES DE 8:00 AM A 11:30 AM Y DE 2:00 P.M. A 4:30 P.M. SABADO DE 8:00 AM A 2:00 P.M.;;;;;;;;
3942;PITALITO;Pitalito;SUR;Huila;Carrera 5 N°3-56;LUNES A VIERNES;08:00 AM - 11:30 AM Y DE 02:00 PM - 04:30 PM;;;;;;;;
6630;GUAYABAL;Guayabal;SUR;Tolima;CALLE 3 # 4 - 05 SUR;LUNES A VIERNES;08:00 AM - 11:30 AM Y DE 02:00 PM - 04:30 PM;;;;;;;;
6632;VILLARRICA;Villarrica;SUR;Tolima;Calle 4 No.3-25 Palacio Municipal;MARTES A SABADO;8:00 AM A 2:00 P.M.;;;;;;;;
7501;ALBANIA;Albania;SUR;Caquetá;Carrera 4 No. 5 -56 parque Principal - Centro;LUNES A VIERNES;08:00 AM - 11:30 AM Y DE 02:00 PM - 04:30 PM;;;;;;;;
1340;SANTA ROSA DE OSOS;Santa Rosa De Osos;ANTIOQUIA;Antioquia;CALLE 30 B No. 29-70 LOCAL 102;LUNES A VIERNES;08:00 AM - 11:30 AM Y DE 02:00 PM - 04:30 PM;;;;;;;;
1362;CAÑASGORDAS;Cañasgordas;ANTIOQUIA;Antioquia;Carrera 31 No. 30-49 primer piso - Parque Principal;MARTES A SABADO;8:00 AM A 2:00 P.M.;;;;;;;;
1393;JERICO;Jericó;ANTIOQUIA;Antioquia;Carrera 5 No. 7 - 41;MARTES A SABADO;8:00 AM A 2:00 P.M.;;;;;;;;
2747;LOS CORDOBAS;Los Córdobas;ANTIOQUIA;Córdoba;Plaza Principal;LUNES A VIERNES;08:00 AM - 11:30 AM Y DE 02:00 PM - 04:30 PM;;;;;;;;
3141;LENGUAZAQUE;Lenguazaque;BOGOTA;Cundinamarca;Carrera 4 No. 2 -70;LUNES A VIERNES;8:00 A.M. A 3:00 P.M.;;;;;;;;
1835;RIOSUCIO;Riosucio;CAFETERA;Caldas;Calle 8 No.7-60 Esquina Plaza la Candelaria;MARTES A SABADO;8:00 AM A 2:00 P.M.;;;;;;;;
1840;ARAUCA ( Corregimiento del municipio de Palestina - Caldas);Palestina;CAFETERA;Caldas;Calle 8 12 10 /20;MARTES A SABADO;8:00 AM A 2:00 P.M.;;;;;;;;
1216;CALAMAR;Calamar;COSTA;Bolívar;Carrera 2 No.20-07 20-70;LUNES A VIERNES;08:00 AM - 11:30 AM Y DE 02:00 PM - 04:30 PM;;;;;;;;
1240;MAGANGUE;Magangué;COSTA;Bolívar;Transversal 3 Nº. 3A-16/24;LUNES A VIERNES;08:00 AM - 11:30 AM Y DE 02:00 PM - 04:30 PM;;;;;;;;
6362;SAN BENITO ABAD;San Benito Abad;COSTA;Sucre;Calle 12 N°14-44 Plaza Principal;LUNES A VIERNES;08:00 AM - 11:30 AM Y DE 02:00 PM - 04:30 PM;;;;;;;;
2128;BUENOS AIRES;Buenos Aires;OCCIDENTE;Cauca;Carrera 1 con Calle 6;MARTES A SABADO;8:00 AM A 2:00 P.M.;;;;;;;;
2171;ALMAGUER;Almaguer;OCCIDENTE;Cauca;Calle 4 No.4-56;MARTES A SABADO;8:00 AM A 2:00 P.M.;;;;;;;;
4820;PUERRES;Puerres;OCCIDENTE;Nariño;Cra.3 No.6-15/ 29 Barrio el Centro;LUNES A VIERNES;08:00 AM - 11:30 AM Y DE 02:00 PM - 04:30 PM;;;;;;;;
4875;EL TABLON DE GOMEZ;El Tablón;OCCIDENTE;Nariño;Calle 4 No.3-24 Casa 4 Alcaldía Municipal;MARTES A SABADO;8:00 AM A 2:00 P.M.;;;;;;;;
6928;JAMUNDÍ;Jamundí;OCCIDENTE;Valle del Cauca;Carrera 12 No. 10-19;LUNES A VIERNES;08:00 AM - 11:30 AM Y DE 02:00 PM - 04:30 PM;;;;;;;;
6964;DARIEN;Calima;OCCIDENTE;Valle del Cauca;Calle 11 No.6-42;MARTES A VIERNES Y SÁBADO;DE MARTES A VIERNES DE 8:00 AM A 11:30 AM Y DE 2:00 P.M. A 4:30 P.M. SABADO DE 8:00 AM A 2:00 P.M.;;;;;;;;
1502;ARCABUCO;Arcabuco;ORIENTE;Boyacá;Cra.6 No.4-09;LUNES A VIERNES;08:00 AM - 11:30 AM Y DE 02:00 PM - 04:30 PM;;;;;;;;
5172;TEORAMA;Teorama;SANTANDERES;Norte de Santander;Carrera 4 No.3-35;LUNES A VIERNES;08:00 AM - 11:30 AM Y DE 02:00 PM - 04:30 PM;;;;;;;;
3923;PAICOL;Paicol;SUR;Huila;Calle 4 No 6 - 52/56 CALLE 6 No. 6-52;MARTES A SABADO;8:00 AM A 2:00 P.M.;;;;;;;;
3965;TIMANA;Timaná;SUR;Huila;Carrera 4 No. 9-42 Edificio del Café;MARTES A VIERNES Y SÁBADO;DE MARTES A VIERNES DE 8:00 AM A 11:30 AM Y DE 2:00 P.M. A 4:30 P.M. SABADO DE 8:00 AM A 2:00 P.M.;;;;;;;;
6609;ICONONZO;Icononzo;SUR;Tolima;CRA. 6 # 7-01;MARTES A SABADO;8:00 AM A 2:00 P.M.;;;;;;;;
6657;SUAREZ;Suárez;SUR;Tolima;Carrera 3 No. 7 - 70;LUNES A VIERNES;08:00 AM - 11:30 AM Y DE 02:00 PM - 04:30 PM;;;;;;;;
7580;VALPARAISO;Valparaíso;SUR;Caquetá;CALLE 11 No 3B 23 -25 Barrio el Centro.;LUNES A VIERNES;08:00 AM - 11:30 AM Y DE 02:00 PM - 04:30 PM;;;;;;;;
7950;VILLAGARZON;Villagarzón;SUR;Putumayo;CRA. 6 No.6-64;LUNES A VIERNES;08:00 AM - 11:30 AM Y DE 02:00 PM - 04:30 PM;;;;;;;;
1357;TAMESIS;Támesis;ANTIOQUIA;Antioquia;CALLE 10 N° 9 – 51;MARTES A SABADO;8:00 AM A 2:00 P.M.;;;;;;;;
1426;LIBORINA;Liborina;ANTIOQUIA;Antioquia;Calle 8 No.10-63;MARTES A SABADO;8:00 AM A 2:00 P.M.;;;;;;;;
1428;DABEIBA;Dabeiba;ANTIOQUIA;Antioquia;Carrera 10 No. 8 - 27 - Carrera Uribe - Uribe;MARTES A SABADO;8:00 AM A 2:00 P.M.;;;;;;;;
1832;MARMATO;Marmato;CAFETERA;Caldas;Vereda El Llano - Vía Principal (Nuevo Marmato);MARTES A SABADO;8:00 AM A 2:00 P.M.;;;;;;;;
1862;RISARALDA;Risaralda;CAFETERA;Caldas;CRA. 2 # 8-15;MARTES A SABADO;8:00 AM A 2:00 P.M.;;;;;;;;
6614;HERVEO;Herveo;CAFETERA;Tolima;CALLE 4 No. 6 - 38;MARTES A SABADO;8:00 AM A 2:00 P.M.;;;;;;;;
2111;SUAREZ;Suárez;OCCIDENTE;Cauca;Carrera 5 No. 6-25;MARTES A VIERNES Y SÁBADO;DE MARTES A VIERNES DE 8:00 AM A 11:30 AM Y DE 2:00 P.M. A 4:30 P.M. SABADO DE 8:00 AM A 2:00 P.M.;;;;;;;;
4872;SAN JOSE DE ALBAN;Albán;OCCIDENTE;Nariño;Carrera 3 No.4-20 Centro;MARTES A SABADO;8:00 AM A 2:00 P.M.;;;;;;;;
3921;ELIAS;Elías;SUR;Huila;Calle 2 Cra.5 Esquina;MARTES A SABADO;8:00 AM A 2:00 P.M.;;;;;;;;
3922;HOBO;Hobo;SUR;Huila;Carrera 8 No. 5-36;MARTES A SABADO;8:00 AM A 2:00 P.M.;;;;;;;;
1398;YARUMAL;Yarumal;ANTIOQUIA;Antioquia;Carrera.20 No.20-43;LUNES A VIERNES;08:00 AM - 11:30 AM Y DE 02:00 PM - 04:30 PM;;;;;;;;
2767;PUEBLO NUEVO;Pueblo Nuevo;ANTIOQUIA;Córdoba;Carrera 9 No. 11-75 Barrio Las Flores - local 01;LUNES A VIERNES;08:00 AM - 11:30 AM Y DE 02:00 PM - 04:30 PM;;;;;;;;
3303;QUIBDO;Quibdó;ANTIOQUIA;Chocó;Calle 24 No.3-04;LUNES A VIERNES;08:00 AM - 11:30 AM Y DE 02:00 PM - 04:30 PM;;;;;;;;
3360;RIOSUCIO;Riosucio;ANTIOQUIA;Chocó;Calle 5 No 7-35;LUNES A VIERNES;08:00 AM - 11:30 AM Y DE 02:00 PM - 04:30 PM;;;;;;;;
3137;GUATAVITA;Guatavita;BOGOTA;Cundinamarca;Plaza Civica - Guatavita;LUNES A VIERNES;8:00 A.M. A 3:00 P.M.;;;;;;;;
8510;LA PRIMAVERA;La Primavera;BOGOTA;Vichada;Carrera 9 No. 4-87 Centro;LUNES A VIERNES;08:00 AM - 11:30 AM Y DE 02:00 PM - 04:30 PM;;;;;;;;
5765;GUATICA;Guática;CAFETERA;Risaralda;Carrera 6 No.9-15/17;LUNES A VIERNES;08:00 AM - 11:30 AM Y DE 02:00 PM - 04:30 PM;;;;;;;;
6972;ZARZAL;Zarzal;CAFETERA;Valle del Cauca;Calle 9 No. 8 - 53;LUNES A VIERNES;08:00 AM - 11:30 AM Y DE 02:00 PM - 04:30 PM;;;;;;;;
1246;PINILLOS;Pinillos;COSTA;Bolívar;Plaza Principal;LUNES A VIERNES;08:00 AM - 11:30 AM Y DE 02:00 PM - 04:30 PM;;;;;;;;
1626;CAMPO DE LA CRUZ;Campo De La Cruz;COSTA;Atlántico;Calle 9 Cra. 11-04;LUNES A VIERNES;08:00 AM - 11:30 AM Y DE 02:00 PM - 04:30 PM;;;;;;;;
6330;LA UNION;La Unión;COSTA;Sucre;Calle 14 No. 10 - 15 Avenida Nuñez - Barrio Santo Domingo;LUNES A VIERNES;08:00 AM - 11:30 AM Y DE 02:00 PM - 04:30 PM;;;;;;;;
4812;PUPIALES;Pupiales;OCCIDENTE;Nariño;Carrera 2 No. 4-22;LUNES A VIERNES;08:00 AM - 11:30 AM Y DE 02:00 PM - 04:30 PM;;;;;;;;
4836;GUAITARILLA;Guaitarilla;OCCIDENTE;Nariño;Calle Real 5 No. 2 – 28.;LUNES A VIERNES;08:00 AM - 11:30 AM Y DE 02:00 PM - 04:30 PM;;;;;;;;
6921;PUERTO TEJADA;Puerto Tejada;OCCIDENTE;Cauca;Cra.20 Calle 15 y 14;LUNES A VIERNES;08:00 AM - 11:30 AM Y DE 02:00 PM - 04:30 PM;;;;;;;;
6977;GUADALAJARA DE BUGA;Guadalajara de Buga;OCCIDENTE;Valle del Cauca;Carrera 14 No. 6-32;LUNES A VIERNES;08:00 AM - 11:30 AM Y DE 02:00 PM - 04:30 PM;;;;;;;;
3913;GARZON;Garzón;SUR;Huila;Calle 7 No.9-55 /57;LUNES A VIERNES;08:00 AM - 11:30 AM Y DE 02:00 PM - 04:30 PM;;;;;;;;
3915;CURILLO;Curillo;SUR;Caquetá;Calle 11 N° 2-01;LUNES A VIERNES;08:00 AM - 11:30 AM Y DE 02:00 PM - 04:30 PM;;;;;;;;
6606;LÉRIDA;Lérida;SUR;Tolima;CARRERA 6 N° 8 - 14;LUNES A VIERNES;08:00 AM - 11:30 AM Y DE 02:00 PM - 04:30 PM;;;;;;;;
6617;GUAMO;Guamo;SUR;Tolima;Calle 9 No. 10-14 Barrio el Centro;LUNES A VIERNES;08:00 AM - 11:30 AM Y DE 02:00 PM - 04:30 PM;;;;;;;;
6640;CARMEN DE APICALA;Carmen De Apicalá;SUR;Tolima;Carrera 6 N° 2 – 65;LUNES A VIERNES;08:00 AM - 11:30 AM Y DE 02:00 PM - 04:30 PM;;;;;;;;
7960;PUERTO GUZMAN;Puerto Guzmán;SUR;Putumayo;Carrera 4 No.4-76 - Barrio Los Prados - Puerto Guzmán;LUNES A VIERNES;08:00 AM - 11:30 AM Y DE 02:00 PM - 04:30 PM;;;;;;;;
1314;ANGOSTURA;Angostura;ANTIOQUIA;Antioquia;Calle 11 No.9-38 Palacio Municipal - Primer Piso.;LUNES A VIERNES;8:00 A.M. A 3:00 P.M.;;;;;;;;
1345;SAN LUIS;San Luis;ANTIOQUIA;Antioquia;CRA. REAL NRO. 20-07;MARTES A SABADO;8:00 AM A 2:00 P.M.;;;;;;;;
1482;TOLEDO;Toledo;ANTIOQUIA;Antioquia;Calle 11 No. 10 - 18 Parque Principal;MARTES A SABADO;8:00 AM A 2:00 P.M.;;;;;;;;
2765;PLANETA RICA;Planeta Rica;ANTIOQUIA;Córdoba;Carrera 8 No. 18-11 0 CALLE PRINCIPAL;LUNES A VIERNES;08:00 AM - 11:30 AM Y DE 02:00 PM - 04:30 PM;;;;;;;;
3375;TADO;Tadó;ANTIOQUIA;Chocó;Carrera 16 No.6-22;LUNES A VIERNES;08:00 AM - 11:30 AM Y DE 02:00 PM - 04:30 PM;;;;;;;;
3146;MACHETA;Macheta;BOGOTA;Cundinamarca;Carrera 7 No. 7-32;LUNES A VIERNES;8:00 A.M. A 3:00 P.M.;;;;;;;;
1801;AGUADAS;Aguadas;CAFETERA;Caldas;Calle 7 No. 5-20;MARTES A SABADO;8:00 AM A 2:00 P.M.;;;;;;;;
1825;ANSERMA;Anserma;CAFETERA;Caldas;CALLE 7 No. 4-01;MARTES A VIERNES Y SÁBADO;DE MARTES A VIERNES DE 8:00 AM A 11:30 AM Y DE 2:00 P.M. A 4:30 P.M. SABADO DE 8:00 AM A 2:00 P.M.;;;;;;;;
5414;LA UNION;La Unión;CAFETERA;Valle del Cauca;calle 15 N° 15/ 22-26;LUNES A VIERNES;08:00 AM - 11:30 AM Y DE 02:00 PM - 04:30 PM;;;;;;;;
1654;CANDELARIA;Candelaria;COSTA;Atlántico;Calle 12 N°11-31;LUNES A VIERNES;08:00 AM - 11:30 AM Y DE 02:00 PM - 04:30 PM;;;;;;;;
4260;SAN SEBASTIAN;San Sebastián De Buenavista;COSTA;Magdalena;Calle 5 No 5-37;LUNES A VIERNES;08:00 AM - 11:30 AM Y DE 02:00 PM - 04:30 PM;;;;;;;;
6310;CAIMITO;Caimito;COSTA;Sucre;PLAZA PRINCIPAL;LUNES A VIERNES;08:00 AM - 11:30 AM Y DE 02:00 PM - 04:30 PM;;;;;;;;
2102;EL BORDO;Patía;OCCIDENTE;Cauca;Carrera 5 frente a Palacio de Justicia;MARTES A VIERNES Y SÁBADO;DE MARTES A VIERNES DE 8:00 AM A 11:30 AM Y DE 2:00 P.M. A 4:30 P.M. SABADO DE 8:00 AM A 2:00 P.M.;;;;;;;;
2106;MORALES;Morales;OCCIDENTE;Cauca;Calle 4 No.4-30 Calle Principal Morales.;MARTES A SABADO;8:00 AM A 2:00 P.M.;;;;;;;;
2114;CORINTO;Corinto;OCCIDENTE;Cauca;Calle 7 No. 9-41;MARTES A VIERNES Y SÁBADO;DE MARTES A VIERNES DE 8:00 AM A 11:30 AM Y DE 2:00 P.M. A 4:30 P.M. SABADO DE 8:00 AM A 2:00 P.M.;;;;;;;;
2125;GUAPI;Guapi;OCCIDENTE;Cauca;Cra. 2 No.5-33 y 5-37;LUNES A VIERNES;08:00 AM - 11:30 AM Y DE 02:00 PM - 04:30 PM;;;;;;;;
4884;CONSACA;Consacá;OCCIDENTE;Nariño;Carrera 6 Calle 2 Esquina Plaza Principal;MARTES A SABADO;8:00 AM A 2:00 P.M.;;;;;;;;
6967;GUACARI;Guacarí;OCCIDENTE;Valle del Cauca;Calle 4 No. 8 - 42;LUNES A VIERNES;08:00 AM - 11:30 AM Y DE 02:00 PM - 04:30 PM;;;;;;;;
1588;TOGUI;Togüí;ORIENTE;Boyacá;CALLE 3 No. 3 - 19;LUNES A VIERNES;08:00 AM - 11:30 AM Y DE 02:00 PM - 04:30 PM;;;;;;;;
3903;ALGECIRAS;Algeciras;SUR;Huila;CARRERA 5 N° 6- 59 local 101;MARTES A VIERNES Y SÁBADO;DE MARTES A VIERNES DE 8:00 AM A 11:30 AM Y DE 2:00 P.M. A 4:30 P.M. SABADO DE 8:00 AM A 2:00 P.M.;;;;;;;;
3904;SOLITA;Solita;SUR;Caquetá;Carrera 4 N°2-65/69 -Calle 3N°3-62/66;LUNES A VIERNES;08:00 AM - 11:30 AM Y DE 02:00 PM - 04:30 PM;;;;;;;;
3955;TARQUI;Tarqui;SUR;Huila;CRA 4 No 9 - 24 Calle 4 No. 9-24;MARTES A VIERNES Y SÁBADO;DE MARTES A VIERNES DE 8:00 AM A 11:30 AM Y DE 2:00 P.M. A 4:30 P.M. SABADO DE 8:00 AM A 2:00 P.M.;;;;;;;;
6631;COELLO;Coello;SUR;Tolima;Cra. 1 No 1 - 59 Esquina.;LUNES A VIERNES;08:00 AM - 11:30 AM Y DE 02:00 PM - 04:30 PM;;;;;;;;
6638;LIBANO;Líbano;SUR;Tolima;Calle 4 No. 9-77;MARTES A VIERNES Y SÁBADO;DE MARTES A VIERNES DE 8:00 AM A 11:30 AM Y DE 2:00 P.M. A 4:30 P.M. SABADO DE 8:00 AM A 2:00 P.M.;;;;;;;;
6650;SALDAÑA;Saldaña;SUR;Tolima;Calle 12 No.14A-15;MARTES A VIERNES Y SÁBADO;DE MARTES A VIERNES DE 8:00 AM A 11:30 AM Y DE 2:00 P.M. A 4:30 P.M. SABADO DE 8:00 AM A 2:00 P.M.;;;;;;;;
6653;SAN LUIS;San Luis;SUR;Tolima;CALLE 7 No 5 - 36/38;MARTES A SABADO;8:00 AM A 2:00 P.M.;;;;;;;;
1424;ITUANGO;Ituango;ANTIOQUIA;Antioquia;Carrera Santander con Calle Berrío Edif. del Café;MARTES A SABADO;8:00 AM A 2:00 P.M.;;;;;;;;
1470;SAN RAFAEL;San Rafael;ANTIOQUIA;Antioquia;Calle 31 No.29-22;MARTES A SABADO;8:00 AM A 2:00 P.M.;;;;;;;;
2712;BUENAVISTA;Buenavista;ANTIOQUIA;Córdoba;Carrera 12 N° 9 - 26;LUNES A VIERNES;08:00 AM - 11:30 AM Y DE 02:00 PM - 04:30 PM;;;;;;;;
3320;CONDOTO;Condoto;ANTIOQUIA;Chocó;Carrera 3 No. 6-7 Barrio el Comercio;LUNES A VIERNES;08:00 AM - 11:30 AM Y DE 02:00 PM - 04:30 PM;;;;;;;;
3370;UNGUIA;Unguía;ANTIOQUIA;Chocó;CRA 3 No. 3-11/15 Calle principal;LUNES A VIERNES;08:00 AM - 11:30 AM Y DE 02:00 PM - 04:30 PM;;;;;;;;
3122;GIRARDOT;Girardot;BOGOTA;Cundinamarca;Carrera 14 N° 18-02 / Calle 18 N° 12 – 70;LUNES A VIERNES;08:00 AM - 11:30 AM Y DE 02:00 PM - 04:30 PM;;;;;;;;
3147;MANTA;Manta;BOGOTA;Cundinamarca;Carrera 6 No. 2-27;LUNES A VIERNES;8:00 A.M. A 3:00 P.M.;;;;;;;;
8503;PUERTO CARREÑO;Puerto Carreño;BOGOTA;Vichada;Calle 18 No. 6 - 77 Barrio Centro - Sector Bancario;LUNES A VIERNES;08:00 AM - 11:30 AM Y DE 02:00 PM - 04:30 PM;;;;;;;;
8520;SANTA ROSALIA;Santa Rosalía;BOGOTA;Vichada;Carrera. 1 Centro;LUNES A VIERNES;08:00 AM - 11:30 AM Y DE 02:00 PM - 04:30 PM;;;;;;;;
1860;PACORA;Pácora;CAFETERA;Caldas;CALLE 5 No 3 - 28;MARTES A SABADO;8:00 AM A 2:00 P.M.;;;;;;;;
5750;MISTRATO;Mistrató;CAFETERA;Risaralda;CRA 6 No 5 - 74;MARTES A SABADO;8:00 AM A 2:00 P.M.;;;;;;;;
6970;ROLDANILLO;Roldanillo;CAFETERA;Valle del Cauca;Calle 8 No. 7 - 31 Plaza Principal;LUNES A VIERNES;08:00 AM - 11:30 AM Y DE 02:00 PM - 04:30 PM;;;;;;;;
1634;MANATI;Manatí;COSTA;Atlántico;Carrera 4B Nº. 7-51;LUNES A VIERNES;08:00 AM - 11:30 AM Y DE 02:00 PM - 04:30 PM;;;;;;;;
4263;SANTA ANA;Santa Ana;COSTA;Magdalena;CALLE 10 N° 3A – 20;LUNES A VIERNES;08:00 AM - 11:30 AM Y DE 02:00 PM - 04:30 PM;;;;;;;;
6364;SAN MARCOS;San Marcos;COSTA;Sucre;Calle 19 No.22 – 34;LUNES A VIERNES;08:00 AM - 11:30 AM Y DE 02:00 PM - 04:30 PM;;;;;;;;
2126;PADILLA;Padilla;OCCIDENTE;Cauca;Carrera 5 Calle 3 y 4 - Calle 10 No. -16;LUNES A VIERNES;08:00 AM - 11:30 AM Y DE 02:00 PM - 04:30 PM;;;;;;;;
2174;PURACE;Puracé;OCCIDENTE;Cauca;Carrera 3 No. 5 - 49 Calle Principal - Coconuco - Puracé;LUNES A VIERNES;08:00 AM - 11:30 AM Y DE 02:00 PM - 04:30 PM;;;;;;;;
2180;TIMBIQUI;Timbiquí;OCCIDENTE;Cauca;Calle Principal;LUNES A VIERNES;08:00 AM - 11:30 AM Y DE 02:00 PM - 04:30 PM;;;;;;;;
4814;CUMBAL;Cumbal;OCCIDENTE;Nariño;Calle 18 No. 5-99;LUNES A VIERNES;08:00 AM - 11:30 AM Y DE 02:00 PM - 04:30 PM;;;;;;;;
4870;SAMANIEGO;Samaniego;OCCIDENTE;Nariño;Casa Pastoral Pedro Shumacher Calle 7 Cra. 8 Pasaje Peatonal Parque Solandino;MARTES A VIERNES Y SÁBADO;DE MARTES A VIERNES DE 8:00 AM A 11:30 AM Y DE 2:00 P.M. A 4:30 P.M. SABADO DE 8:00 AM A 2:00 P.M.;;;;;;;;
6913;GINEBRA;Ginebra;OCCIDENTE;Valle del Cauca;Calle 6 No 2-40 Centro;LUNES A VIERNES;08:00 AM - 11:30 AM Y DE 02:00 PM - 04:30 PM;;;;;;;;
6046;VELEZ;Vélez;ORIENTE;Santander;CRA. 4 No.10-53;LUNES A VIERNES;08:00 AM - 11:30 AM Y DE 02:00 PM - 04:30 PM;;;;;;;;
3909;ALTAMIRA;Altamira;SUR;Huila;Calle 4 solar, hoy calle 6 sin nomenclatura;MARTES A VIERNES Y SÁBADO;DE MARTES A VIERNES DE 8:00 AM A 11:30 AM Y DE 2:00 P.M. A 4:30 P.M. SABADO DE 8:00 AM A 2:00 P.M.;;;;;;;;
3914;CAMPOALEGRE;Campolegre;SUR;Huila;Calle 18 No. 7 - 32;LUNES A VIERNES;08:00 AM - 11:30 AM Y DE 02:00 PM - 04:30 PM;;;;;;;;
6613;CHAPARRAL;Chaparral;SUR;Tolima;Carrera 9 No. 10 - 30 Barrio el Centro;LUNES A VIERNES;08:00 AM - 11:30 AM Y DE 02:00 PM - 04:30 PM;;;;;;;;
6618;MURILLO;Murillo;SUR;Tolima;Cra. 8 No.3-85;MARTES A VIERNES Y SÁBADO;DE MARTES A VIERNES DE 8:00 AM A 11:30 AM Y DE 2:00 P.M. A 4:30 P.M. SABADO DE 8:00 AM A 2:00 P.M.;;;;;;;;
6625;PURIFICACION;Purificación;SUR;Tolima;CRA 4 No 7 - 13;MARTES A VIERNES Y SÁBADO;DE MARTES A VIERNES DE 8:00 AM A 11:30 AM Y DE 2:00 P.M. A 4:30 P.M. SABADO DE 8:00 AM A 2:00 P.M.;;;;;;;;
6654;SANTA ISABEL;Santa Isabel;SUR;Tolima;Carrera 2 No.7-49/53;MARTES A VIERNES Y SÁBADO;DE MARTES A VIERNES DE 8:00 AM A 11:30 AM Y DE 2:00 P.M. A 4:30 P.M. SABADO DE 8:00 AM A 2:00 P.M.;;;;;;;;
7567;SOLANO;Solano;SUR;Caquetá;Calle 5 No. 4-02 Esquina Parque Principal;LUNES A VIERNES;08:00 AM - 11:30 AM Y DE 02:00 PM - 04:30 PM;;;;;;;;
7920;ORITO;Orito;SUR;Putumayo;Barrio Marco Fidel Suarez Calle 8;LUNES A VIERNES;08:00 AM - 11:30 AM Y DE 02:00 PM - 04:30 PM;;;;;;;;
1378;GUADALUPE;Guadalupe;ANTIOQUIA;Antioquia;Calle 50 No.48-67/69;MARTES A SABADO;8:00 AM A 2:00 P.M.;;;;;;;;
1472;SAN ROQUE;San Roque;ANTIOQUIA;Antioquia;Cra.20 No.20-47/51 Pal.Mpal.;MARTES A SABADO;8:00 AM A 2:00 P.M.;;;;;;;;
1846;LA MERCED;La Merced;CAFETERA;Caldas;Calle 15 No. 6-20/22/26/28 Predio 4 Parque Principal;MARTES A SABADO;8:00 AM A 2:00 P.M.;;;;;;;;
5746;BELEN DE UMBRIA;Belén de Umbria;CAFETERA;Risaralda;Calle 9 No 7-34 Calle 8 No. 6-46;MARTES A SABADO;8:00 AM A 2:00 P.M.;;;;;;;;
2120;INZA;Inzá;SUR;Cauca;CARRERA 5 N° 5A - 22;MARTES A VIERNES Y SÁBADO;DE MARTES A VIERNES DE 8:00 AM A 11:30 AM Y DE 2:00 P.M. A 4:30 P.M. SABADO DE 8:00 AM A 2:00 P.M.;;;;;;;;
3920;GUADALUPE;Guadalupe;SUR;Huila;CRA 6 No 4 - 24;MARTES A VIERNES Y SÁBADO;DE MARTES A VIERNES DE 8:00 AM A 11:30 AM Y DE 2:00 P.M. A 4:30 P.M. SABADO DE 8:00 AM A 2:00 P.M.;;;;;;;;
3930;RIVERA;Rivera;SUR;Huila;Carrera 7 No. 3-57 - 3-59;MARTES A VIERNES Y SÁBADO;DE MARTES A VIERNES DE 8:00 AM A 11:30 AM Y DE 2:00 P.M. A 4:30 P.M. SABADO DE 8:00 AM A 2:00 P.M.;;;;;;;;
6621;ORTEGA;Ortega;SUR;Tolima;CALLE 6 No 5 - 22;MARTES A VIERNES Y SÁBADO;DE MARTES A VIERNES DE 8:00 AM A 11:30 AM Y DE 2:00 P.M. A 4:30 P.M. SABADO DE 8:00 AM A 2:00 P.M.;;;;;;;;
6627;ANZOATEGUI;Anzoátegui;SUR;Tolima;Carrera 3 No. 11-60;MARTES A VIERNES Y SÁBADO;DE MARTES A VIERNES DE 8:00 AM A 11:30 AM Y DE 2:00 P.M. A 4:30 P.M. SABADO DE 8:00 AM A 2:00 P.M.;;;;;;;;
6641;PIEDRAS;Piedras;SUR;Tolima;CALLE 2 No 2 - 24/26;MARTES A VIERNES Y SÁBADO;DE MARTES A VIERNES DE 8:00 AM A 11:30 AM Y DE 2:00 P.M. A 4:30 P.M. SABADO DE 8:00 AM A 2:00 P.M.;;;;;;;;
6645;PRADO;Prado;SUR;Tolima;Cra.6 No.10-17;MARTES A VIERNES Y SÁBADO;DE MARTES A VIERNES DE 8:00 AM A 11:30 AM Y DE 2:00 P.M. A 4:30 P.M. SABADO DE 8:00 AM A 2:00 P.M.;;;;;;;;
1321;CAUCASIA;Caucasia;ANTIOQUIA;Antioquia;Carrera 20 No. 3 - 76 Centro Comercial Cauca Centro - Locales 101 - 102 - 103 - 125 - 126 Barrio Nueva Estrella;LUNES A VIERNES;08:00 AM - 11:30 AM Y DE 02:00 PM - 04:30 PM;;;;;;;;
1326;MUTATA;Mutatá;ANTIOQUIA;Antioquia;Carrera 10 No.10-15 Alcaldía Municipal;LUNES A VIERNES;08:00 AM - 11:30 AM Y DE 02:00 PM - 04:30 PM;;;;;;;;
1370;LA CEJA;La Ceja;ANTIOQUIA;Antioquia;Calle 20 No..20-58/64;LUNES A VIERNES;08:00 AM - 11:30 AM Y DE 02:00 PM - 04:30 PM;;;;;;;;
2752;MONTELIBANO;Montelíbano;ANTIOQUIA;Córdoba;CALLE 4 N° 17 -15;LUNES A VIERNES;08:00 AM - 11:30 AM Y DE 02:00 PM - 04:30 PM;;;;;;;;
3301;ACANDI;Acandí;ANTIOQUIA;Chocó;Calle Ppal. Calle Las Flores con Calle CONSISTORIAL;LUNES A VIERNES;08:00 AM - 11:30 AM Y DE 02:00 PM - 04:30 PM;;;;;;;;
4542;SAN JUANITO;San Juanito;BOGOTA;Meta;Calle 7 No. 2-55 Centro;LUNES A VIERNES;08:00 AM - 11:30 AM Y DE 02:00 PM - 04:30 PM;;;;;;;;
5415;CIRCASIA;Circasia;CAFETERA;Quindio;CALLE 6 No.13-60;LUNES A VIERNES;08:00 AM - 11:30 AM Y DE 02:00 PM - 04:30 PM;;;;;;;;
4240;PIVIJAY;Pivijay;COSTA;Magdalena;Carrera 15 No. 4 -23 Barrio Centro;LUNES A VIERNES;08:00 AM - 11:30 AM Y DE 02:00 PM - 04:30 PM;;;;;;;;
6340;MAJAGUAL;Majagual;COSTA;Sucre;Calle 5 No.14-74 Calle Central;LUNES A VIERNES;08:00 AM - 11:30 AM Y DE 02:00 PM - 04:30 PM;;;;;;;;
2112;MIRANDA;Miranda;OCCIDENTE;Cauca;Cra. 6 No. 7 - 22;LUNES A VIERNES;08:00 AM - 11:30 AM Y DE 02:00 PM - 04:30 PM;;;;;;;;
2139;LOPEZ DE MICAY;López;OCCIDENTE;Cauca;Cra.2 No.2-56 Calle las Flores;LUNES A VIERNES;08:00 AM - 11:30 AM Y DE 02:00 PM - 04:30 PM;;;;;;;;
4816;GUACHUCAL;Guachucal;OCCIDENTE;Nariño;Calle 8 No. 5-37 Barrio Libertad a una cuadra del Parque;LUNES A VIERNES;08:00 AM - 11:30 AM Y DE 02:00 PM - 04:30 PM;;;;;;;;
6940;PALMIRA;Palmira;OCCIDENTE;Valle del Cauca;CALLE 30 No.26-62;LUNES A VIERNES;08:00 AM - 11:30 AM Y DE 02:00 PM - 04:30 PM;;;;;;;;
3908;AIPE;Aipe;SUR;Huila;Calle 5 CRA 4-12 ESQUINA;LUNES A VIERNES;08:00 AM - 11:30 AM Y DE 02:00 PM - 04:30 PM;;;;;;;;
6635;ESPINAL;Espinal;SUR;Tolima;Calle 9 No 4 - 49/51 Centro;LUNES A VIERNES;08:00 AM - 11:30 AM Y DE 02:00 PM - 04:30 PM;;;;;;;;
7545;MILAN;Milán;SUR;Caquetá;Carrera 2 No.6-02 Centro Calle 6 No. 6-25;LUNES A VIERNES;08:00 AM - 11:30 AM Y DE 02:00 PM - 04:30 PM;;;;;;;;
1325;CHIGORODO;Chigorodó;ANTIOQUIA;Antioquia;CALLE 97 No. 102-30;LUNES A VIERNES;08:00 AM - 11:30 AM Y DE 02:00 PM - 04:30 PM;;;;;;;;
1348;EL RETIRO;Retiro;ANTIOQUIA;Antioquia;Calle 20 No. 19-13/19;MARTES A SABADO;8:00 AM A 2:00 P.M.;;;;;;;;
1381;RIONEGRO;Rionegro;ANTIOQUIA;Antioquia;Calle 43 No. 54-139 Centro Comercial San Nicolás;LUNES A VIERNES;08:00 AM - 11:30 AM Y DE 02:00 PM - 04:30 PM;;;;;;;;
1444;NECHI;Nechí;ANTIOQUIA;Antioquia;Calle 30 No. 30 - 40 Barrio La Misericordia;LUNES A VIERNES;08:00 AM - 11:30 AM Y DE 02:00 PM - 04:30 PM;;;;;;;;
1486;VALPARAISO;Valparaíso;ANTIOQUIA;Antioquia;Carrera 9 No. 9 -57;MARTES A SABADO;8:00 AM A 2:00 P.M.;;;;;;;;
2771;PUERTO LIBERTADOR;Puerto Libertador;ANTIOQUIA;Córdoba;Cra. 9 Nº. 8-01/03/07 Calle Principal del Comercio;LUNES A VIERNES;08:00 AM - 11:30 AM Y DE 02:00 PM - 04:30 PM;;;;;;;;
3116;CHOACHI;Choachí;BOGOTA;Cundinamarca;Carrera 3 NO 4-08;LUNES A VIERNES;8:00 A.M. A 3:00 P.M.;;;;;;;;
3130;FOMEQUE;Fomeque;BOGOTA;Cundinamarca;Carrera 4 NO 4-55;MARTES A SABADO;8:00 AM A 2:00 P.M.;;;;;;;;
1820;BELALCAZAR;Belalcázar;CAFETERA;Caldas;Carrera 5 No. 14 - 24;MARTES A SABADO;8:00 AM A 2:00 P.M.;;;;;;;;
1830;SALAMINA;Salamina;CAFETERA;Caldas;CRA 7 No 4 - 73;MARTES A SABADO;8:00 AM A 2:00 P.M.;;;;;;;;
5445;FILANDIA;Filandia;CAFETERA;Quindio;CALLE 7 No 4 -52;MARTES A SABADO;8:00 AM A 2:00 P.M.;;;;;;;;
1203;ACHI;Achí;COSTA;Bolívar;Carrera 7 No.11-27 Las Delicias Centro;LUNES A VIERNES;08:00 AM - 11:30 AM Y DE 02:00 PM - 04:30 PM;;;;;;;;
1660;SANTO TOMAS;Santo Tomás;COSTA;Atlántico;Carrera 11 Nº. 3-34;LUNES A VIERNES;08:00 AM - 11:30 AM Y DE 02:00 PM - 04:30 PM;;;;;;;;
2104;BOLIVAR;Bolívar;OCCIDENTE;Cauca;Crrera 5 No.5-21;MARTES A SABADO;8:00 AM A 2:00 P.M.;;;;;;;;
2118;CALOTO;Caloto;OCCIDENTE;Cauca;Calle 12 No.3-62;MARTES A SABADO;8:00 AM A 2:00 P.M.;;;;;;;;
4805;CORDOBA;Córdoba;OCCIDENTE;Nariño;CARRERA 3 - CALLE 3B No. 3 - 15 Parque Principal;MARTES A VIERNES Y SÁBADO;DE MARTES A VIERNES DE 8:00 AM A 11:30 AM Y DE 2:00 P.M. A 4:30 P.M. SABADO DE 8:00 AM A 2:00 P.M.;;;;;;;;
4834;BELEN;Belén;OCCIDENTE;Nariño;Carrera 3 N° 3 -77;MARTES A SABADO;8:00 AM A 2:00 P.M.;;;;;;;;
6965;EL CERRITO;El Cerrito;OCCIDENTE;Valle del Cauca;Calle 7 No. 11 - 66;LUNES A VIERNES;08:00 AM - 11:30 AM Y DE 02:00 PM - 04:30 PM;;;;;;;;
1528;GACHANTIVA;Gachantivá;ORIENTE;Boyacá;Palacio Mpal;LUNES A VIERNES;08:00 AM - 11:30 AM Y DE 02:00 PM - 04:30 PM;;;;;;;;
1244;MORALES;Morales;SANTANDERES;Bolívar;Parque Principal - Calle Central Morales;LUNES A VIERNES;08:00 AM - 11:30 AM Y DE 02:00 PM - 04:30 PM;;;;;;;;
3973;SUAZA;Suaza;SUR;Huila;Calle 7 N° 3 -27;MARTES A VIERNES Y SÁBADO;DE MARTES A VIERNES DE 8:00 AM A 11:30 AM Y DE 2:00 P.M. A 4:30 P.M. SABADO DE 8:00 AM A 2:00 P.M.;;;;;;;;
3980;VILLAVIEJA;Villavieja;SUR;Huila;CALLE 4 No 4-30;LUNES A VIERNES;08:00 AM - 11:30 AM Y DE 02:00 PM - 04:30 PM;;;;;;;;
6639;HERRERA Corregimiento (Del Municipio de Rioblanco - Tolima);Rioblanco;SUR;Tolima;Calle 3 No. 6 -11 Casa de la Justicia - Calle Principal;MARTES A SABADO;8:00 AM A 2:00 P.M.;;;;;;;;
6680;VALLE DE SAN JUAN;Valle De San Juan;SUR;Tolima;Cra.5 No.5-60;MARTES A VIERNES Y SÁBADO;DE MARTES A VIERNES DE 8:00 AM A 11:30 AM Y DE 2:00 P.M. A 4:30 P.M. SABADO DE 8:00 AM A 2:00 P.M.;;;;;;;;
7540;LA MONTAÑITA;La Montañita;SUR;Caquetá;Carrera Quinta- Frente al Parque Principal;LUNES A VIERNES;08:00 AM - 11:30 AM Y DE 02:00 PM - 04:30 PM;;;;;;;;
7910;LA HORMIGA;La Hormiga;SUR;Putumayo;Carrera 6A No 9-47;LUNES A VIERNES;08:00 AM - 11:30 AM Y DE 02:00 PM - 04:30 PM;;;;;;;;
1332;TURBO;Turbo;ANTIOQUIA;Antioquia;CRA. 14 N° 100 - 55/57/59/61;LUNES A VIERNES;08:00 AM - 11:30 AM Y DE 02:00 PM - 04:30 PM;;;;;;;;
1352;APARTADO;Apartadó;ANTIOQUIA;Antioquia;CALLE 30 # 25 - 13;LUNES A VIERNES;08:00 AM - 11:30 AM Y DE 02:00 PM - 04:30 PM;;;;;;;;
1353;EBEJICO;Ebéjico;ANTIOQUIA;Antioquia;CALLE 20 No. 20-11/29/CARRERA 20 No. 20-11;MARTES A SABADO;8:00 AM A 2:00 P.M.;;;;;;;;
1363;LA PINTADA;La Pintada;ANTIOQUIA;Antioquia;Calle 30A No. 30 - 84 Sector el Crucero;MARTES A SABADO;8:00 AM A 2:00 P.M.;;;;;;;;
1484;VALDIVIA;Valdivia;ANTIOQUIA;Antioquia;Carrera 10 No. 10 – 24/28 Local 101;LUNES A VIERNES;8:00 A.M. A 3:00 P.M.;;;;;;;;
2701;AYAPEL;Ayapel;ANTIOQUIA;Córdoba;Calle 8 A No.1 - 48 - Centro Comercial Bulevar - Ayapel - Córdoba;LUNES A VIERNES;08:00 AM - 11:30 AM Y DE 02:00 PM - 04:30 PM;;;;;;;;
1834;MARULANDA;Marulanda;CAFETERA;Caldas;CALLE 6 No 5 - 23;MARTES A SABADO;8:00 AM A 2:00 P.M.;;;;;;;;
1855;VITERBO;Viterbo;CAFETERA;Caldas;Calle 9 No 7-34 Calle 8 No. 6-46;MARTES A SABADO;8:00 AM A 2:00 P.M.;;;;;;;;
5450;SALENTO;Salento;CAFETERA;Quindio;CALLE 6 No 6 - 20 CARRERA 7 No. 5-21 PLAZA PRINCIPAL - CALLE 7 No. 7 -21;MARTES A SABADO;8:00 AM A 2:00 P.M.;;;;;;;;
1620;SABANALARGA;Sabanalarga;COSTA;Atlántico;Carrera 21 N° 22-09;LUNES A VIERNES;08:00 AM - 11:30 AM Y DE 02:00 PM - 04:30 PM;;;;;;;;
6324;GUARANDA;Guaranda;COSTA;Sucre;Carrera 5 # 6-05;LUNES A VIERNES;08:00 AM - 11:30 AM Y DE 02:00 PM - 04:30 PM;;;;;;;;
2101;EL TAMBO;El Tambo;OCCIDENTE;Cauca;Calle 3 No. 3 -37;MARTES A SABADO;8:00 AM A 2:00 P.M.;;;;;;;;
2165;SAN SEBASTIAN;San Sebastián;OCCIDENTE;Cauca;Calle 3 No. 6-74;MARTES A SABADO;8:00 AM A 2:00 P.M.;;;;;;;;
4840;LA CRUZ;La Cruz;OCCIDENTE;Nariño;Calle 8 No. 10-70/78;MARTES A SABADO;8:00 AM A 2:00 P.M.;;;;;;;;
6931;LA CUMBRE;La Cumbre;OCCIDENTE;Valle del Cauca;Calle 4 No.1B-135;MARTES A VIERNES Y SÁBADO;DE MARTES A VIERNES DE 8:00 AM A 11:30 AM Y DE 2:00 P.M. A 4:30 P.M. SABADO DE 8:00 AM A 2:00 P.M.;;;;;;;;
6943;FLORIDA;Florida;OCCIDENTE;Valle del Cauca;Calle 9 No. 20-01;LUNES A VIERNES;08:00 AM - 11:30 AM Y DE 02:00 PM - 04:30 PM;;;;;;;;
3901;ACEVEDO;Acevedo;SUR;Huila;Carrera 4 No 6 -19/25 Acevedo - Huila;MARTES A VIERNES Y SÁBADO;DE MARTES A VIERNES DE 8:00 AM A 11:30 AM Y DE 2:00 P.M. A 4:30 P.M. SABADO DE 8:00 AM A 2:00 P.M.;;;;;;;;
6605;ALVARADO;Alvarado;SUR;Tolima;Calle 3 No 3-18/22/24 Barrio Centro;MARTES A VIERNES Y SÁBADO;DE MARTES A VIERNES DE 8:00 AM A 11:30 AM Y DE 2:00 P.M. A 4:30 P.M. SABADO DE 8:00 AM A 2:00 P.M.;;;;;;;;
6646;RIOBLANCO;Rioblanco;SUR;Tolima;CALLE 3 No 5 - 29;MARTES A VIERNES Y SÁBADO;DE MARTES A VIERNES DE 8:00 AM A 11:30 AM Y DE 2:00 P.M. A 4:30 P.M. SABADO DE 8:00 AM A 2:00 P.M.;;;;;;;;
6648;DOLORES;Dolores;SUR;Tolima;CRA. 7 No.2-09/17;MARTES A VIERNES Y SÁBADO;DE MARTES A VIERNES DE 8:00 AM A 11:30 AM Y DE 2:00 P.M. A 4:30 P.M. SABADO DE 8:00 AM A 2:00 P.M.;;;;;;;;
7525;EL PAUJIL;El Paujil;SUR;Caquetá;CALLE 5 No 5 - 35 Barrio Centro;LUNES A VIERNES;08:00 AM - 11:30 AM Y DE 02:00 PM - 04:30 PM;;;;;;;;
1320;EL BAGRE;El Bagre;ANTIOQUIA;Antioquia;Carrera 48 No. 50-33;LUNES A VIERNES;08:00 AM - 11:30 AM Y DE 02:00 PM - 04:30 PM;;;;;;;;
1342;BOLIVAR;Ciudad Bolívar;ANTIOQUIA;Antioquia;Carrera 51 N° 48-25;MARTES A SABADO;8:00 AM A 2:00 P.M.;;;;;;;;
1354;CAICEDO;Caicedo;ANTIOQUIA;Antioquia;Calle 5 No.4-29 PARQUE PRINCIPAL;MARTES A SABADO;8:00 AM A 2:00 P.M.;;;;;;;;
1361;CAMPAMENTO;Campamento;ANTIOQUIA;Antioquia;Calle 10 No. 10-06;LUNES A VIERNES;08:00 AM - 11:30 AM Y DE 02:00 PM - 04:30 PM;;;;;;;;
1391;SAN PEDRO DE URABA;San Pedro De Uraba;ANTIOQUIA;Antioquia;Carrera. 50 No.50-33/35 Parque Principal;LUNES A VIERNES;08:00 AM - 11:30 AM Y DE 02:00 PM - 04:30 PM;;;;;;;;
1438;MONTEBELLO;Montebello;ANTIOQUIA;Antioquia;Calle 19A Nº 19-03 Edificio Federación de Cafeteros;MARTES A SABADO;8:00 AM A 2:00 P.M.;;;;;;;;
1446;NECOCLI;Necoclí;ANTIOQUIA;Antioquia;Calle 50 No. 49/60/62/64/66/68;LUNES A VIERNES;08:00 AM - 11:30 AM Y DE 02:00 PM - 04:30 PM;;;;;;;;
1478;TARAZA;Tarazá;ANTIOQUIA;Antioquia;Carrera 30 No 29 -38;LUNES A VIERNES;08:00 AM - 11:30 AM Y DE 02:00 PM - 04:30 PM;;;;;;;;
4543;MAPIRIPAN;Mapiripán;BOGOTA;Meta;Calle 4 No. 20-71/75 Parque Principal;LUNES A VIERNES;8:00 A.M. A 3:00 P.M.;;;;;;;;
7103;LETICIA;Leticia;BOGOTA;Amazonas;Calle.8 No.10-66/70;LUNES A VIERNES;08:00 AM - 11:30 AM Y DE 02:00 PM - 04:30 PM;;;;;;;;
1822;BOLIVIA (Corregimiento de l municipio de Pensilvania - Caldas);Pensilvania;CAFETERA;Caldas;PLAZA PRINCIPAL - ESQUINA;MARTES A SABADO;8:00 AM A 2:00 P.M.;;;;;;;;
5704;CENTRAL DE ABASTOS PEREIRA;Pereira;CAFETERA;Risaralda;CENTRAL MAYORISTA MERCASA Comuna Villa Olímpica – LOCAL B2;LUNES A VIERNES;7.00 A.M. A 2:00 PM;;;;;;;;
5740;APIA;Apía;CAFETERA;Risaralda;CRA 8 No 7 -44 / 66;MARTES A SABADO;8:00 AM A 2:00 P.M.;;;;;;;;
1630;LURUACO;Luruaco;COSTA;Atlántico;Carrera 20 Nº. 18-38/50;LUNES A VIERNES;08:00 AM - 11:30 AM Y DE 02:00 PM - 04:30 PM;;;;;;;;
6372;SUCRE;Sucre;COSTA;Santander;CALLE 9 No.2-04;LUNES A VIERNES;08:00 AM - 11:30 AM Y DE 02:00 PM - 04:30 PM;;;;;;;;
4860;BARBACOAS;Barbacoas;OCCIDENTE;Nariño;Cra. 8 No. 4-36/70 Paso Grande - Calle Tomas Cipriano de Mosquera;LUNES A VIERNES;08:00 AM - 11:30 AM Y DE 02:00 PM - 04:30 PM;;;;;;;;
4876;SAN PABLO;San Pablo;OCCIDENTE;Nariño;Cra. 3 No. 5-14 Prque Bolívar;MARTES A SABADO;8:00 AM A 2:00 P.M.;;;;;;;;
4882;TUMACO;Tumaco;OCCIDENTE;Nariño;Calle 14 N° 9D-16;LUNES A VIERNES;08:00 AM - 11:30 AM Y DE 02:00 PM - 04:30 PM;;;;;;;;
6910;VIJES;Vijes;OCCIDENTE;Valle del Cauca;Calle 6 No. 5-04;MARTES A VIERNES Y SÁBADO;DE MARTES A VIERNES DE 8:00 AM A 11:30 AM Y DE 2:00 P.M. A 4:30 P.M. SABADO DE 8:00 AM A 2:00 P.M.;;;;;;;;
6917;TIMBIO;Timbío;OCCIDENTE;Cauca;Calle 18 No.21-00 Local 4 Barrio San Judas;MARTES A SABADO;8:00 AM A 2:00 P.M.;;;;;;;;
6941;PRADERA;Pradera;OCCIDENTE;Valle del Cauca;Calle 7 No. 10-63;LUNES A VIERNES;08:00 AM - 11:30 AM Y DE 02:00 PM - 04:30 PM;;;;;;;;
6963;BUENAVENTURA;Buenaventura;OCCIDENTE;Valle del Cauca;Calle 1 Carrera 2 Esquina, Barrio Centro - Sector Isla (Calle 1 No. 2-51/2-59);LUNES A VIERNES;08:00 AM - 11:30 AM Y DE 02:00 PM - 04:30 PM;;;;;;;;
1302;ABEJORRAL;Abejorral;ANTIOQUIA;Antioquia;Carrera 50 No.49-48/50;MARTES A SABADO;8:00 AM A 2:00 P.M.;;;;;;;;
6623;ALPUJARRA;Alpujarra;SUR;Tolima;"Carrera 5 Calle 5 Esquina - fente al Parque Principal ""Palacio Municipal""";MARTES A VIERNES Y SÁBADO;DE MARTES A VIERNES DE 8:00 AM A 11:30 AM Y DE 2:00 P.M. A 4:30 P.M. SABADO DE 8:00 AM A 2:00 P.M.;;;;;;;;
6626;CASABIANCA;Casabianca;SUR;Tolima;Calle 3 No.2-43 Costado Norte Parque Principal;MARTES A VIERNES Y SÁBADO;DE MARTES A VIERNES DE 8:00 AM A 11:30 AM Y DE 2:00 P.M. A 4:30 P.M. SABADO DE 8:00 AM A 2:00 P.M.;;;;;;;;
7514;CARTAGENA DEL CHAIRA;Cartagena Del Chairá;SUR;Caquetá;Cra. 2 Calle 3, Centro Comercial el Palmar. Locales 2,19 y20;LUNES A VIERNES;08:00 AM - 11:30 AM Y DE 02:00 PM - 04:30 PM;;;;;;;;
7930;PUERTO ASIS;Puerto Asís;SUR;Putumayo;Calle 11 No.19-33;LUNES A VIERNES;Yerly Patricia Rojas Villamil;;;;;;;;
1316;ANORI;Anorí;ANTIOQUIA;Antioquia;Calle 10 No. 8-02 Local 201;MARTES A SABADO;8:00 AM A 2:00 P.M.;;;;;;;;
1395;URRAO;Urrao;ANTIOQUIA;Antioquia;Carrera 30 N° 28-33;MARTES A SABADO;8:00 AM A 2:00 P.M.;;;;;;;;
3315;CARMEN DE ATRATO;El Carmen De Atrato;ANTIOQUIA;Chocó;Carrera 5 No. 5 - 15 Pqrque Principal.;MARTES A SABADO;8:00 AM A 2:00 P.M.;;;;;;;;
1833;MARQUETALIA;Marquetalia;CAFETERA;Caldas;CALLE 3 No. 1A - 53;MARTES A SABADO;8:00 AM A 2:00 P.M.;;;;;;;;
5755;PUEBLO RICO;Pueblo Rico;CAFETERA;Risaralda;CRA. 4 No.6-07/11;MARTES A SABADO;8:00 AM A 2:00 P.M.;;;;;;;;
2134;PAISPAMBA SOTARA;Sotara;OCCIDENTE;Cauca;Calle Principal - frente al parque;MARTES A SABADO;8:00 AM A 2:00 P.M.;;;;;;;;
4842;LA UNION;La Unión;OCCIDENTE;Nariño;Calle 18 No.1-28;MARTES A VIERNES Y SÁBADO;DE MARTES A VIERNES DE 8:00 AM A 11:30 AM Y DE 2:00 P.M. A 4:30 P.M. SABADO DE 8:00 AM A 2:00 P.M.;;;;;;;;
4868;RICAURTE;Ricaurte;OCCIDENTE;Nariño;Calle Principal Ricaurte;MARTES A VIERNES Y SÁBADO;DE MARTES A VIERNES DE 8:00 AM A 11:30 AM Y DE 2:00 P.M. A 4:30 P.M. SABADO DE 8:00 AM A 2:00 P.M.;;;;;;;;
3928;LA ARGENTINA;La Argentina;SUR;Huila;CRA 5 No 5 - 60 Barrio Centro;MARTES A VIERNES Y SÁBADO;DE MARTES A VIERNES DE 8:00 AM A 11:30 AM Y DE 2:00 P.M. A 4:30 P.M. SABADO DE 8:00 AM A 2:00 P.M.;;;;;;;;
3910;COLOMBIA;Colombia;SUR;Huila;Cra. 3 No 7 - 12 Carrera 3 No. 6 – 05 Barrio Unicentro;MARTES A VIERNES Y SÁBADO;DE MARTES A VIERNES DE 8:00 AM A 11:30 AM Y DE 2:00 P.M. A 4:30 P.M. SABADO DE 8:00 AM A 2:00 P.M.;;;;;;;;
7935;PUERTO LEGUIZAMO;Puerto Leguízamo;SUR;Putumayo;Calle 6 No. 2 -106 Barrio el Centro;LUNES A VIERNES;08:00 AM - 11:30 AM Y DE 02:00 PM - 04:30 PM;;;;;;;;
1356;SAN JUAN DE URABA;San Juan De Urabá;ANTIOQUIA;Antioquia;Carrera 22 No.22-07;LUNES A VIERNES;08:00 AM - 11:30 AM Y DE 02:00 PM - 04:30 PM;;;;;;;;
1399;ZARAGOZA;Zaragoza;ANTIOQUIA;Antioquia;Carrera 20 No. 3 - 76 Centro Comercial Cauca Centro - Locales 101 - 102 - 103 - 125 - 126 Barrio Nueva Estrella;LUNES A VIERNES;08:00 AM - 11:30 AM Y DE 02:00 PM - 04:30 PM;;;;;;;;
2777;SAN ANTERO;San Antero;ANTIOQUIA;Córdoba;Carrera.14 No.13-97;LUNES A VIERNES;08:00 AM - 11:30 AM Y DE 02:00 PM - 04:30 PM;;;;;;;;
2786;VALENCIA;Valencia;ANTIOQUIA;Córdoba;Carrera. 12 Nº. 15-75;LUNES A VIERNES;08:00 AM - 11:30 AM Y DE 02:00 PM - 04:30 PM;;;;;;;;
3350;PIZARRO;Bajo Baudó;ANTIOQUIA;Chocó;Barrio Santander - Antiguo Horgar Infantil - Pizarro - Chocó;LUNES A VIERNES;08:00 AM - 11:30 AM Y DE 02:00 PM - 04:30 PM;;;;;;;;
8315;MIRAFLORES;Miraflores;BOGOTA;Guaviare;Calle Principal del Municipio de Miraflores;LUNES A VIERNES;8:00 A.M. A 3:00 P.M.;;;;;;;;
8420;MITU;Mitú;BOGOTA;Vaupés;Calle 16 No. 3-78 Barrio Centro;LUNES A VIERNES;8:00 A.M. A 3:00 P.M.;;;;;;;;
5712;DOSQUEBRADAS;Dosquebradas;CAFETERA;Risaralda;CRA 16 No. 27 - 08 Local 01 Centro Comercial Yellow;LUNES A VIERNES;08:00 AM - 11:30 AM Y DE 02:00 PM - 04:30 PM;;;;;;;;
1601;BARRANQUILLA ( PRINCIPAL );Barranquilla;COSTA;Atlántico;Carrera 46 No.45-50;LUNES A VIERNES;08:00 AM - 11:30 AM Y DE 02:00 PM - 04:30 PM;;;;;;;;
8103;SAN ANDRES;San Andrés;COSTA;Archipiélago de San Andrés, Providencia y Santa Catalina;Avenida Libertadores No. 2 A - 21;LUNES A VIERNES;08:00 AM - 11:30 AM Y DE 02:00 PM - 04:30 PM;;;;;;;;
4806;IPIALES;Ipiales;OCCIDENTE;Nariño;Carrera 6 No.10-21 /27;LUNES A VIERNES;08:00 AM - 11:30 AM Y DE 02:00 PM - 04:30 PM;;;;;;;;
4878;SANTA BARBARA DE ISCUANDE;Santa Bárbara;OCCIDENTE;Nariño;Alcaldía Municipal Santa Bárbara de Iscuande Primer Piso;LUNES A VIERNES;08:00 AM - 11:30 AM Y DE 02:00 PM - 04:30 PM;;;;;;;;
6971;CANDELARIA;Candelaria;OCCIDENTE;Valle del Cauca;CARREA 8 N° 10-39;LUNES A VIERNES;08:00 AM - 11:30 AM Y DE 02:00 PM - 04:30 PM;;;;;;;;
6975;CANDELARIA - CAVASA;Candelaria;OCCIDENTE;Valle del Cauca;Kilómetro 11 vía Cali - Candelaria / Central de Abastecimiento del Valle del Cauca S.A. - CAVASA;LUNES A VIERNES;7.00 A.M. A 2:00 PM;;;;;;;;
6601;IBAGUE;Ibagué;SUR;Tolima;Calle 15 No.3-26;LUNES A VIERNES;08:00 AM - 11:30 AM Y DE 02:00 PM - 04:30 PM;;;;;;;;
7565;SAN VICENTE DEL CAGUAN;San Vicente Del Caguán;SUR;Caquetá;CRA 5 No 4 - 01/03/04;LUNES A VIERNES;08:00 AM - 11:30 AM Y DE 02:00 PM - 04:30 PM;;;;;;;;
1318;ARBOLETES;Arboletes;ANTIOQUIA;Antioquia;CaLLE 29 No. 31 - 10 - Calle 31 No. 28 -06 Centro;LUNES A VIERNES;08:00 AM - 11:30 AM Y DE 02:00 PM - 04:30 PM;;;;;;;;
1341;BETANIA;Betania;ANTIOQUIA;Antioquia;Cra.21 No.20-03;MARTES A SABADO;8:00 AM A 2:00 P.M.;;;;;;;;
1346;SONSON;Sonson;ANTIOQUIA;Antioquia;Cra 8A No.6-77 Calle 7 No 8-7;MARTES A SABADO;8:00 AM A 2:00 P.M.;;;;;;;;
1412;CARAMANTA;Caramanta;ANTIOQUIA;Antioquia;Cra. 20 No.19-02;MARTES A SABADO;8:00 AM A 2:00 P.M.;;;;;;;;
2757;SAN BERNARDO DEL VIENTO;San Bernardo Del Viento;ANTIOQUIA;Córdoba;Calle 8C # 8 - 110;LUNES A VIERNES;08:00 AM - 11:30 AM Y DE 02:00 PM - 04:30 PM;;;;;;;;
2780;TIERRALTA;Tierralta;ANTIOQUIA;Córdoba;Calle 3 No. 14-72 Parque Principal;LUNES A VIERNES;08:00 AM - 11:30 AM Y DE 02:00 PM - 04:30 PM;;;;;;;;
8505;CUMARIBO;Cumaribo;BOGOTA;Vichada;Carrera 12 No.6-32;LUNES A VIERNES;08:00 AM - 11:30 AM Y DE 02:00 PM - 04:30 PM;;;;;;;;
1853;SAMANA;Samaná;CAFETERA;Caldas;CARRERA 6 No. 8 - 35;MARTES A SABADO;8:00 AM A 2:00 P.M.;;;;;;;;
5715;SANTA ROSA DE CABAL;Santa Rosa De Cabal;CAFETERA;Risaralda;Carrera 15 No. 13-35 y 13-55;LUNES A VIERNES;08:00 AM - 11:30 AM Y DE 02:00 PM - 04:30 PM;;;;;;;;
5732;LA CELIA;La Celia;CAFETERA;Risaralda;CRA. 2 No.2-182;MARTES A SABADO;8:00 AM A 2:00 P.M.;;;;;;;;
2445;PUEBLO BELLO;PUEBLO BELLO;COSTA;Cesar;Calle 9 No. 9-161;LUNES A VIERNES;08:00 AM - 11:30 AM Y DE 02:00 PM - 04:30 PM;;;;;;;;
2108;ROSAS;Rosas;OCCIDENTE;Cauca;: Calle 7 # 4 – 01 Centro Administrativo Municipal;MARTES A SABADO;8:00 AM A 2:00 P.M.;;;;;;;;
2115;ARGELIA;Argelia;OCCIDENTE;Cauca;Calle 3 No. 3-13/19/25 Frente al Parque Principal;MARTES A SABADO;8:00 AM A 2:00 P.M.;;;;;;;;
4808;TUQUERRES;Túquerres;OCCIDENTE;Nariño;Carrera 14 No. 20-25;LUNES A VIERNES;08:00 AM - 11:30 AM Y DE 02:00 PM - 04:30 PM;;;;;;;;
4826;EL CHARCO;El Charco;OCCIDENTE;Nariño;Cra.2 No. 10 a -10 Barrio El Carmen;LUNES A VIERNES;08:00 AM - 11:30 AM Y DE 02:00 PM - 04:30 PM;;;;;;;;
4862;SOTOMAYOR;Los Andes;OCCIDENTE;Nariño;Calle 5 Araujo con Carrera 5 Benavides Esquina - Parque Principal;MARTES A SABADO;8:00 AM A 2:00 P.M.;;;;;;;;
6915;CALI AVENIDA TERCERA NORTE;Cali;OCCIDENTE;Valle del Cauca;Avenida. 3a. Norte No.40 N -08 Barrio Vipasa;LUNES A VIERNES;08:00 AM - 11:30 AM Y DE 02:00 PM - 04:30 PM;;;;;;;;
6925;CALI PASOANCHO;Cali;OCCIDENTE;Valle del Cauca;Calle 13 (Av. Pasoancho) No. 73 / 104 - 108;LUNES A VIERNES;08:00 AM - 11:30 AM Y DE 02:00 PM - 04:30 PM;;;;;;;;
3927;LA PLATA;La Plata;SUR;Huila;CRA 4 No 3 - 34;MARTES A VIERNES Y SÁBADO;DE MARTES A VIERNES DE 8:00 AM A 11:30 AM Y DE 2:00 P.M. A 4:30 P.M. SABADO DE 8:00 AM A 2:00 P.M.;;;;;;;;
6642;PLANADAS;Planadas;SUR;Tolima;CRA 6 No 5 - 43 Cra. 6 No,. 8-40;MARTES A VIERNES Y SÁBADO;DE MARTES A VIERNES DE 8:00 AM A 11:30 AM Y DE 2:00 P.M. A 4:30 P.M. SABADO DE 8:00 AM A 2:00 P.M.;;;;;;;;
7560;PUERTO RICO;Puerto Rico;SUR;Caquetá;Calle 5 No. 5-92-96 y Carrera 6 No. 5-00-02-06-10 Barrio Las Américas;LUNES A VIERNES;08:00 AM - 11:30 AM Y DE 02:00 PM - 04:30 PM;;;;;;;;
1301;ANDES;Andes;ANTIOQUIA;Antioquia;CARRERA 51 N° 48-40;MARTES A SABADO;8:00 AM A 2:00 P.M.;;;;;;;;
1330;ARGELIA;Argelia;ANTIOQUIA;Antioquia;Calle 30 No. 30-07/09;MARTES A SABADO;8:00 AM A 2:00 P.M.;;;;;;;;
1476;SEGOVIA;Segovia;ANTIOQUIA;Antioquia;Carrera 51 N° 51 - 75;MARTES A SABADO;8:00 AM A 2:00 P.M.;;;;;;;;
2769;PUERTO ESCONDIDO;Puerto Escondido;ANTIOQUIA;Córdoba;Carrera 3 No.3-32 Local 1 Plaza Principal;LUNES A VIERNES;08:00 AM - 11:30 AM Y DE 02:00 PM - 04:30 PM;;;;;;;;
4519;LA MACARENA;La Macarena;BOGOTA;Meta;Calle 5 No. 6 -09;LUNES A VIERNES;08:00 AM - 11:30 AM Y DE 02:00 PM - 04:30 PM;;;;;;;;
1865;VICTORIA;Victoria;CAFETERA;Caldas;CRA 6 No 9 - 28 9-29;MARTES A SABADO;8:00 AM A 2:00 P.M.;;;;;;;;
5401;ARMENIA;Armenia;CAFETERA;Quindio;CARRERA 13 No.17/47/59 Centro Comercial La 13;LUNES A VIERNES;08:00 AM - 11:30 AM Y DE 02:00 PM - 04:30 PM;;;;;;;;
5725;BALBOA;Balboa;CAFETERA;Risaralda;CARRERA 8 No 7 - 45;MARTES A SABADO;8:00 AM A 2:00 P.M.;;;;;;;;
1610;BARRANQUILLA PRADO;Barranquilla;COSTA;Atlántico;calle 77B No 59-61 Edificio Torre 2 Centro empresarial las américas, Local comercial 104;LUNES A VIERNES;08:00 AM - 11:30 AM Y DE 02:00 PM - 04:30 PM;;;;;;;;
2403;VALLEDUPAR;Valledupar;COSTA;Cesar;CALLE 16 Nº. 7-74/80;LUNES A VIERNES;08:00 AM - 11:30 AM Y DE 02:00 PM - 04:30 PM;;;;;;;;
2103;BALBOA;Balboa;OCCIDENTE;Cauca;Calle 5 No. 2-32;MARTES A SABADO;8:00 AM A 2:00 P.M.;;;;;;;;
4801;PASTO;Pasto;OCCIDENTE;Nariño;Calle 18 No. 21A-20 - Local 6 Complejo Bancario;LUNES A VIERNES;08:00 AM - 11:30 AM Y DE 02:00 PM - 04:30 PM;;;;;;;;
4824;CUMBITARA;Cumbitara;OCCIDENTE;Nariño;Carrera 4 No. 4 - 20;MARTES A SABADO;8:00 AM A 2:00 P.M.;;;;;;;;
4864;BOCAS DE SATINGA;Olaya Herrera;OCCIDENTE;Nariño;Calle las Flores - Casco Urbano Olaya Herrera Bocas de Satinga - Nariño;LUNES A VIERNES;08:00 AM - 11:30 AM Y DE 02:00 PM - 04:30 PM;;;;;;;;
6918;POPAYAN;Popayán;OCCIDENTE;Cauca;Calle 4 No.7-03;LUNES A VIERNES;08:00 AM - 11:30 AM Y DE 02:00 PM - 04:30 PM;;;;;;;;
5101;CUCUTA;Cúcuta;SANTANDERES;Norte de Santander;CALLE 10 No.5-50 Edificio Agrobancario;LUNES A VIERNES;08:00 AM - 11:30 AM Y DE 02:00 PM - 04:30 PM;;;;;;;;
3963;PITAL;Pital;SUR;Huila;Calle 8 No. 8 - 05;MARTES A VIERNES Y SÁBADO;DE MARTES A VIERNES DE 8:00 AM A 11:30 AM Y DE 2:00 P.M. A 4:30 P.M. SABADO DE 8:00 AM A 2:00 P.M.;;;;;;;;
6647;RONCESVALLES;Roncesvalles;SUR;Tolima;Carrera 2 # 5-04;MARTES A SABADO;8:00 AM A 2:00 P.M.;;;;;;;;
6649;ATACO;Ataco;SUR;Tolima;CRA.5 No.8-07 Cra. 5-7-17;MARTES A VIERNES Y SÁBADO;DE MARTES A VIERNES DE 8:00 AM A 11:30 AM Y DE 2:00 P.M. A 4:30 P.M. SABADO DE 8:00 AM A 2:00 P.M.;;;;;;;;
7520;EL DONCELLO;El Doncello;SUR;Caquetá;CALLE 4 No 3 - 40 Barrio Centro;LUNES A VIERNES;08:00 AM - 11:30 AM Y DE 02:00 PM - 04:30 PM;;;;;;;;
7903;MOCOA;Mocoa;SUR;Putumayo;Calle 7 No. 6 - 21 Barrio Centro - Esquina;LUNES A VIERNES;08:00 AM - 11:30 AM Y DE 02:00 PM - 04:30 PM;;;;;;;;
1336;JARDIN;Jardín;ANTIOQUIA;Antioquia;Calle 9 con Carrera 3 esquina - Parque Principal;MARTES A SABADO;8:00 AM A 2:00 P.M.;;;;;;;;
1442;NARIÑO;Nariño;ANTIOQUIA;Antioquia;Casa de Gobierno Plaza Principal;MARTES A SABADO;8:00 AM A 2:00 P.M.;;;;;;;;
1454;REMEDIOS;Remedios;ANTIOQUIA;Antioquia;Carrera 51 N° 51 - 75;MARTES A SABADO;8:00 AM A 2:00 P.M.;;;;;;;;
2703;MONTERIA;Montería;ANTIOQUIA;Córdoba;Carrera.3 No.29-21;LUNES A VIERNES;08:00 AM - 11:30 AM Y DE 02:00 PM - 04:30 PM;;;;;;;;
3309;BAHIA SOLANO;Bahía Solano;ANTIOQUIA;Chocó;Cra.3A No.2-10;LUNES A VIERNES;08:00 AM - 11:30 AM Y DE 02:00 PM - 04:30 PM;;;;;;;;
7703;PUERTO INIRIDA;Inírida;BOGOTA;Guainía;Carrera. 2a. Av. Fundadores - Frente al Palacio Gubernamental;LUNES A VIERNES;8:00 A.M. A 3:00 P.M.;;;;;;;;
1861;NORCASIA;Norcasia;CAFETERA;Caldas;Cra. 6a No. 10-44;MARTES A SABADO;8:00 AM A 2:00 P.M.;;;;;;;;
5703;PEREIRA;Pereira;CAFETERA;Risaralda;CALLE 19 No.8-58;LUNES A VIERNES;08:00 AM - 11:30 AM Y DE 02:00 PM - 04:30 PM;;;;;;;;
8110;PROVIDENCIA;Providencia;COSTA;Archipiélago de San Andrés, Providencia y Santa Catalina;Carrera 9 No. 23-33 Sector de Pueblo Viejo.;LUNES A VIERNES;08:00 AM - 11:30 AM Y DE 02:00 PM - 04:30 PM;;;;;;;;
2116;MERCADERES;Mercaderes;OCCIDENTE;Cauca;Calle 4 No. 3-47;MARTES A SABADO;8:00 AM A 2:00 P.M.;;;;;;;;
4891;POLICARPA;Policarpa;OCCIDENTE;Nariño;Calle 3 No. 2-60 Centro Administrativo Municipal , Barrio Puerto Nuevo, Etapa No. 2;MARTES A VIERNES Y SÁBADO;DE MARTES A VIERNES DE 8:00 AM A 11:30 AM Y DE 2:00 P.M. A 4:30 P.M. SABADO DE 8:00 AM A 2:00 P.M.;;;;;;;;
3947;OPORAPA;Oporapa;SUR;Huila;CARRERA 7 No.5 - 21/23;MARTES A VIERNES Y SÁBADO;DE MARTES A VIERNES DE 8:00 AM A 11:30 AM Y DE 2:00 P.M. A 4:30 P.M. SABADO DE 8:00 AM A 2:00 P.M.;;;;;;;;
6619;NATAGAIMA;Natagaima;SUR;Tolima;Calle 6 No. 3-08 Frente al Parque Principal;MARTES A VIERNES Y SÁBADO;DE MARTES A VIERNES DE 8:00 AM A 11:30 AM Y DE 2:00 P.M. A 4:30 P.M. SABADO DE 8:00 AM A 2:00 P.M.;;;;;;;;
7503;FLORENCIA;Florencia;SUR;Caquetá;Carrera 13 A No. 11 - 15 y Calle 13 A No. 13 -14;LUNES A VIERNES;08:00 AM - 11:30 AM Y DE 02:00 PM - 04:30 PM;;;;;;;;
4828;EL ROSARIO;El Rosario;OCCIDENTE;Nariño;Centro el Rosario;MARTES A SABADO;8:00 AM A 2:00 P.M.;;;;;;;;
4880;TAMINANGO;Taminango;OCCIDENTE;Nariño;Calle 2 No. 2-32 Barrio Kennedy;MARTES A SABADO;8:00 AM A 2:00 P.M.;;;;;;;;
2140;PAEZ BELALCAZAR;Paez;SUR;Cauca;Cra. 2 No. 1-11;MARTES A SABADO;8:00 AM A 2:00 P.M.;;;;;;;;
3967;SALADOBLANCO;Saladoblanco;SUR;Huila;Calle 2 No. 3 - 185;MARTES A VIERNES Y SÁBADO;DE MARTES A VIERNES DE 8:00 AM A 11:30 AM Y DE 2:00 P.M. A 4:30 P.M. SABADO DE 8:00 AM A 2:00 P.M.;;;;;;;;
6652;SAN ANTONIO;San Antonio;SUR;Tolima;CLL 5 KRA 6 ESQUINA BRR CENTRO;MARTES A VIERNES Y SÁBADO;DE MARTES A VIERNES DE 8:00 AM A 11:30 AM Y DE 2:00 P.M. A 4:30 P.M. SABADO DE 8:00 AM A 2:00 P.M.;;;;;;;;
1303;MEDELLIN MILLA DE ORO;Medellín;ANTIOQUIA;Antioquia;Carrera 42 No.3 sur - 81 Local 0217;LUNES A VIERNES;08:00 AM - 11:30 AM Y DE 02:00 PM - 04:30 PM;;;;;;;;
1323;CENTRO DE NEGOCIOS MEDELLIN CARABOBO;Medellín;ANTIOQUIA;Antioquia;Cra.52 No.50-37;LUNES A VIERNES;9:00 A.M. A 4:00 P.M.;;;;;;;;
10;CENTRO DE NEGOCIOS BOGOTA CENTRO;Bogotá, D.C.;BOGOTA;Bogotá D.C;Calle 12 c 8-35;LUNES A VIERNES;8:00 AM A 3:30 P.M.;;;;;;;;
70;BOGOTA - AVENIDA JIMENEZ;Bogotá, D.C.;BOGOTA;Bogotá D.C;Calle 15 No.8-32;LUNES A VIERNES;9:00 A.M. A 4:00 P.M.;;;;;;;;
1803;MANIZALES;Manizales;CAFETERA;Caldas;Calle 23 No.21-45 Edificio BCH.;LUNES A VIERNES;08:00 AM - 11:30 AM Y DE 02:00 PM - 04:30 PM;;;;;;;;
6903;CALI SUCURSAL - ARISTI;Cali;OCCIDENTE;Valle del Cauca;Calle 11 No.5-28;LUNES A VIERNES;08:00 AM - 11:30 AM Y DE 02:00 PM - 04:30 PM;;;;;;;;
1503;TUNJA;Tunja;ORIENTE;Boyacá;CALLE 18 No. 11-31 Piso 3;LUNES A VIERNES;8:00 AM A 5:00 P.M.;;;;;;;;
6001;BUCARAMANGA;Bucaramanga;SANTANDERES;Santander;CALLE 35 No.17-30/34;LUNES A VIERNES;08:00 AM - 11:30 AM Y DE 02:00 PM - 04:30 PM;;;;;;;;
3905;NEIVA;Neiva;SUR;Huila;CALLE 7 No. 6 - 27;LUNES A VIERNES;08:00 AM - 11:30 AM Y DE 02:00 PM - 04:30 PM;;;;;;;;
4500;COB VILLAVICENCIO;META;BOGOTÁ;BOGOTA;;80 MB;PPAL;4. ENTREGADA;14/10/2025;23/10/2025;Carmen Romero;;CARGADA;SANTIAGO GOMEZ;12/11/2025
